,company,company_size,company_year_founded,company_type,company_industry,company_revenue,company_review,company_interview_difficulty,company_benefits,company_location
0,First Derivatives,1001 to 5000 Employees,1996,Company - Public,IT Services,$500 million to $1 billion (USD),3.3, 2.5,3.5,"Newry, United Kingdom"
1,Deliveroo,1001 to 5000 Employees,2013,Company - Private,Internet,Unknown / Non-Applicable,3.5, 2.4,0.0,"London, United Kingdom"
2,Barclays,10000+ Employees,1690,Company - Public,Banks & Credit Unions,$10+ billion (USD),3.9, 3.1,3.9,"London, United Kingdom"
3,Lloyds Banking Group,10000+ Employees,1695,Company - Public,Banks & Credit Unions,Unknown / Non-Applicable,3.9, 2.9,3.8,"London, United Kingdom"
4,THG,5001 to 10000 Employees,2004,Company - Private,Other Retail Stores,$500 million to $1 billion (USD),3.4, 2.7,3.4,"Northwich, United Kingdom"
5,NatWest Group,10000+ Employees,1727,Company - Public,Banks & Credit Unions,$10+ billion (USD),3.9, 3.0,3.7,"Edinburgh, United Kingdom"
6,Tesco,10000+ Employees,1919,Company - Private,Grocery Stores & Supermarkets,Unknown / Non-Applicable,3.8, 2.3,3.8,"Welwyn Garden City, United Kingdom"
7,QuantumBlack,501 to 1000 Employees,2009,Company - Private,Consulting,Unknown / Non-Applicable,4.3, 3.2,5.0,"London, United Kingdom"
8,J Sainsbury,10000+ Employees,1869,Company - Public,Grocery Stores & Supermarkets,$10+ billion (USD),3.6, 2.2,5.0,"London, United Kingdom"
9,PwC,10000+ Employees,1998,Company - Private,Accounting,$5 to $10 billion (USD),3.8, 2.9,4.0,"New York, NY"
10,HSBC Holdings,10000+ Employees,1865,Company - Public,Banks & Credit Unions,$10+ billion (USD),3.7, 2.9,4.0,"London, United Kingdom"
11,Vodafone,10000+ Employees,1982,Company - Public,"Cable, Internet & Telephone Providers",$10+ billion (USD),3.9, 2.9,4.2,"Newbury, United Kingdom"
12,Capgemini,10000+ Employees,1967,Company - Public,Enterprise Software & Network Solutions,$10+ billion (USD),3.8, 2.8,3.6,"Paris, France"
13,IQVIA,10000+ Employees,2017,Company - Public,Biotech & Pharmaceuticals,$2 to $5 billion (USD),3.7, 2.9,3.7,"Durham, NC"
14,Facebook,10000+ Employees,2004,Company - Public,Internet,$5 to $10 billion (USD),4.5, 3.1,4.7,"Menlo Park, CA"
15,Admiral Group,10000+ Employees,1993,Company - Public,Insurance Carriers,$2 to $5 billion (USD),4.0, 3.0,0.0,"Cardiff, United Kingdom"
16,Mango Solutions,51 to 200 Employees,2002,Company - Private,Enterprise Software & Network Solutions,$1 to $5 million (USD),4.5, 3.5,0.0,"Chippenham, United Kingdom"
17,Faculty,51 to 200 Employees,2014,Company - Private,Internet,$10 to $25 million (USD),4.0, 3.2,,"London, United Kingdom"
18,Deloitte,10000+ Employees,1850,Company - Private,Accounting,$10+ billion (USD),3.8, 3.0,4.2,"New York, NY"
19,BBC,10000+ Employees,1922,Government,TV Broadcast & Cable Networks,Unknown / Non-Applicable,4.0, 3.1,3.4,"London, United Kingdom"
20,Unilever,10000+ Employees,1872,Company - Public,Consumer Products Manufacturing,$10+ billion (USD),4.1, 3.2,4.0,"London, United Kingdom"
21,BAE Systems Applied Intelligence,1001 to 5000 Employees,1971,Subsidiary or Business Segment,Enterprise Software & Network Solutions,$500 million to $1 billion (USD),3.3, 3.0,3.6,"Guildford, United Kingdom"
22,Ocado Group,10000+ Employees,2000,Company - Public,Grocery Stores & Supermarkets,$1 to $2 billion (USD),3.5, 2.5,0.0,"Hatfield, United Kingdom"
23,easyJet,10000+ Employees,1995,Company - Private,Airlines,$2 to $5 billion (USD),4.1, 2.9,0.0,"Luton, United Kingdom"
24,dunnhumby,1001 to 5000 Employees,1989,Company - Private,Consulting,$500 million to $1 billion (USD),4.1, 3.0,4.4,"Hammersmith, United Kingdom"
25,iwoca,201 to 500 Employees,2012,Company - Private,Lending,$50 to $100 million (USD),4.3, 3.0,0.0,"London, United Kingdom"
26,Peak (UK),51 to 200 Employees,2014,Company - Private,Enterprise Software & Network Solutions,Unknown / Non-Applicable,, 3.0,0.0,"Manchester, United Kingdom"
27,Department for Work And Pensions,10000+ Employees,1948,Government,Federal Agencies,Unknown / Non-Applicable,4.0, 3.1,4.5,"London, United Kingdom"
28,IBM,10000+ Employees,1911,Company - Public,IT Services,$10+ billion (USD),3.8, 2.8,3.6,"Armonk, NY"
29,Capita,10000+ Employees,1984,Company - Public,Consulting,$2 to $5 billion (USD),3.9, 2.6,0.0,"London, United Kingdom"
30,Santander,10000+ Employees,1856,Company - Private,Banks & Credit Unions,$10+ billion (USD),3.3, 2.8,3.6,"Madrid, Spain"
31,Centrica,10000+ Employees,1997,Company - Public,Energy,$10+ billion (USD),3.1, 2.9,3.0,"Windsor, United Kingdom"
32,TUI Group,10000+ Employees,1965,Company - Public,Travel Agencies,Unknown / Non-Applicable,4.8, 3.0,2.8,"Hannover, Germany"
33,Tesco Bank,1001 to 5000 Employees,null,Subsidiary or Business Segment,Lending,$500 million to $1 billion (USD),3.5, 2.8,0.0,"Edinburgh, United Kingdom"
34,Babylon Health,1001 to 5000 Employees,2013,Company - Private,Internet,Unknown / Non-Applicable,2.6, 2.8,2.3,"London, United Kingdom"
35,Moneysupermarket Group,501 to 1000 Employees,1999,Company - Public,Internet,$100 to $500 million (USD),4.1, 2.8,0.0,"London, United Kingdom"
36,King,1001 to 5000 Employees,2003,Company - Public,Video Games,Unknown / Non-Applicable,3.2, 2.9,4.2,"London, United Kingdom"
37,Zopa,201 to 500 Employees,2005,Company - Private,Lending,$10 to $25 million (USD),4.0, 3.0,0.0,"London, United Kingdom"
38,Toumetis,1 to 50 Employees,null,Company - Private,,Less than $1 million (USD),4.6, 2.5,0.0,"Boise, ID"
39,Pairview,,,,,,,,,
40,Amazon,10000+ Employees,1994,Company - Public,Internet,$10+ billion (USD),3.9, 3.0,3.9,"Seattle, WA"
41,J.P. Morgan,,,,,,,,,
42,BT,10000+ Employees,1846,Company - Public,Telecommunications Services,Unknown / Non-Applicable,3.2, 3.0,3.5,"London, United Kingdom"
43,Sky,10000+ Employees,1989,Company - Public,TV Broadcast & Cable Networks,$5 to $10 billion (USD),3.7, 3.0,4.0,"Isleworth, United Kingdom"
44,Bloomberg L.P.,10000+ Employees,1981,Company - Private,Computer Hardware & Software,Unknown / Non-Applicable,4.0, 3.0,4.5,"New York, NY"
45,Microsoft,10000+ Employees,1975,Company - Public,Computer Hardware & Software,$10+ billion (USD),4.3, 3.1,4.5,"Redmond, WA"
46,Google,10000+ Employees,1998,Company - Public,Internet,$10+ billion (USD),4.5, 3.3,4.6,"Mountain View, CA"
47,Aviva,10000+ Employees,1861,Company - Public,Insurance Carriers,$5 to $10 billion (USD),3.6, 2.8,3.5,"London, United Kingdom"
48,AstraZeneca,10000+ Employees,1913,Company - Public,Biotech & Pharmaceuticals,$10+ billion (USD),4.1, 3.0,4.2,"Cambridge, United Kingdom"
49,Experian,10000+ Employees,1980,Company - Public,Financial Analytics & Research,$2 to $5 billion (USD),4.1, 2.8,4.1,"Dublin, Ireland"
50,McLaren Group,1001 to 5000 Employees,1963,Company - Private,Sports & Recreation,$100 to $500 million (USD),2.9, 2.9,0.0,"Woking, United Kingdom"
51,BGL Group,1001 to 5000 Employees,1992,Company - Private,Insurance Carriers,$500 million to $1 billion (USD),3.6, 2.8,0.0,"Peterborough, United Kingdom"
52,IG,1001 to 5000 Employees,1974,Company - Public,Brokerage Services,$100 to $500 million (USD),3.5, 3.0,4.7,"London, United Kingdom"
53,Elsevier,5001 to 10000 Employees,1880,Subsidiary or Business Segment,Publishing,$2 to $5 billion (USD),3.7, 2.8,3.4,"Amsterdam, Netherlands"
54,PlayStation,5001 to 10000 Employees,1994,Subsidiary or Business Segment,Video Games,$10+ billion (USD),3.7, 2.7,3.9,"San Mateo, CA"
55,Revolut,1001 to 5000 Employees,2015,Company - Private,Financial Transaction Processing,Unknown / Non-Applicable,3.2, 3.0,0.0,"London, United Kingdom"
56,Funding Circle,501 to 1000 Employees,2010,Company - Private,Lending,$50 to $100 million (USD),3.9, 2.7,4.1,"London, United Kingdom"
57,Rank Group,5001 to 10000 Employees,1937,Company - Public,Gambling,$1 to $2 billion (USD),2.6, 2.7,0.0,"Maidenhead, United Kingdom"
58,carwow,201 to 500 Employees,2010,Company - Private,Internet,Unknown / Non-Applicable,3.1, 3.0,0.0,"London, United Kingdom"
59,Brandwatch,501 to 1000 Employees,2007,Company - Private,Enterprise Software & Network Solutions,Unknown / Non-Applicable,, 2.7,4.5,"Brighton, United Kingdom"
60,Black Swan Data,201 to 500 Employees,2011,Company - Private,IT Services,Unknown / Non-Applicable,3.7, 2.5,0.0,"London, United Kingdom"
61,Tessella,1 to 50 Employees,1980,Company - Private,IT Services,$1 to $5 million (USD),3.6, 2.9,4.3,"Abingdon, United Kingdom"
62,Signal AI,51 to 200 Employees,2013,Company - Private,Advertising & Marketing,Unknown / Non-Applicable,4.5, 2.6,0.0,"London, United Kingdom"
63,LoopMe,51 to 200 Employees,2012,Company - Private,Advertising & Marketing,Unknown / Non-Applicable,3.3, 2.3,2.5,"London, United Kingdom"
64,Imagini Holdings,1 to 50 Employees,2006,Company - Private,Advertising & Marketing,$5 to $10 million (USD),2.6, 2.5,0.0,"London, United Kingdom"
65,Advizzo,1 to 50 Employees,2015,Company - Private,Internet,Unknown / Non-Applicable,4.1, 4.0,0.0,"London, United Kingdom"
66,causaLens,1 to 50 Employees,2017,Company - Private,Enterprise Software & Network Solutions,Unknown / Non-Applicable,4.5, 3.0,,"London, United Kingdom"
67,NHS,10000+ Employees,1946,Government,Insurance Carriers,$5 to $10 million (USD),4.0, 2.8,3.3,"London, United Kingdom"
68,KPMG,10000+ Employees,1987,Subsidiary or Business Segment,Accounting,$2 to $5 billion (USD),3.9, 2.9,3.9,"Amstelveen, Netherlands"
69,ASDA,10000+ Employees,1949,Subsidiary or Business Segment,General Merchandise & Superstores,$10+ billion (USD),3.5, 2.1,4.8,"Leeds, United Kingdom"
70,John Lewis & Partners,10000+ Employees,1864,Company - Private,General Merchandise & Superstores,$5 to $10 billion (USD),4.0, 2.7,0.0,"London, United Kingdom"
71,Deutsche Bank,10000+ Employees,1870,Company - Public,Banks & Credit Unions,$10+ billion (USD),3.7, 3.0,4.0,"Frankfurt am Main, Germany"
72,Co-op,10000+ Employees,1844,Company - Private,Grocery Stores & Supermarkets,$10+ billion (USD),3.6, 2.4,0.0,"Manchester, United Kingdom"
73,Royal Mail,10000+ Employees,null,Government,Federal Agencies,$10+ billion (USD),3.5, 2.4,0.0,"London, United Kingdom"
74,Virgin Media,10000+ Employees,2006,Company - Public,"Cable, Internet & Telephone Providers",$100 to $500 million (USD),3.6, 2.9,0.0,"Reading, United Kingdom"
75,Communities & Local Government,1001 to 5000 Employees,2006,Government,Federal Agencies,Unknown / Non-Applicable,4.2, 2.5,3.2,"London, United Kingdom"
76,Cisco Systems,10000+ Employees,1984,Company - Private,Computer Hardware & Software,$10+ billion (USD),4.2, 3.0,4.2,"San Jose, CA"
77,BAE Systems UK,10000+ Employees,1999,Nonprofit Organization,Aerospace & Defense,$10+ billion (USD),4.0, 3.0,4.5,"London, United Kingdom"
78,Shell,10000+ Employees,1907,Company - Public,Oil & Gas Exploration & Production,$10+ billion (USD),4.1, 3.3,4.2,"Houston, TX"
79,SSE,10000+ Employees,1998,Company - Public,Energy,$10+ billion (USD),3.5, 2.9,2.5,"Perth, United Kingdom"
80,Expedia Group,10000+ Employees,1996,Company - Public,Internet,$5 to $10 billion (USD),3.8, 2.9,4.3,"Seattle, WA"
81,EDF,10000+ Employees,1946,Company - Public,Energy,$10+ billion (USD),3.9, 2.9,4.3,"Paris, France"
82,University of Glasgow,1001 to 5000 Employees,null,College / University,Colleges & Universities,$100 to $500 million (USD),4.3, 2.6,0.0,"Glasgow, United Kingdom"
83,Bank of England,1001 to 5000 Employees,1694,Government,Banks & Credit Unions,$500 million to $1 billion (USD),3.8, 3.2,0.0,"London, United Kingdom"
84,Defence Science and Technology Laboratory,1001 to 5000 Employees,2001,Government,Federal Agencies,$100 to $500 million (USD),3.2, 3.1,0.0,"Porton, United Kingdom"
85,The British Library,1001 to 5000 Employees,null,Nonprofit Organization,"Museums, Zoos & Amusement Parks",$100 to $500 million (USD),3.2, 2.7,0.0,"London, United Kingdom"
86,Home Office,10000+ Employees,1782,Government,Federal Agencies,Unknown / Non-Applicable,3.6, 3.2,5.0,"London, United Kingdom"
87,Skyscanner,1001 to 5000 Employees,2003,Company - Private,Internet,Unknown / Non-Applicable,3.4, 3.1,2.6,"Edinburgh, United Kingdom"
88,Bulb,501 to 1000 Employees,2014,Company - Private,Energy,Unknown / Non-Applicable,3.2, 3.0,0.0,"London, United Kingdom"
89,The Very Group,1001 to 5000 Employees,1890,Company - Private,Other Retail Stores,$2 to $5 billion (USD),4.0, 2.6,0.0,"Liverpool, United Kingdom"
90,Ocado Technology,1001 to 5000 Employees,2000,Company - Public,Enterprise Software & Network Solutions,Unknown / Non-Applicable,4.0, 3.1,0.0,"Hatfield, United Kingdom"
91,Cooper Lomaz,1 to 50 Employees,1990,Company - Private,Staffing & Outsourcing,$10 to $25 million (USD),3.7, 2.3,0.0,"Bury St Edmunds, United Kingdom"
92,ScottishPower,5001 to 10000 Employees,1998,Company - Private,Energy,Unknown / Non-Applicable,3.8, 2.9,0.0,"Glasgow, United Kingdom"
93,Avon,10000+ Employees,1886,Company - Public,Consumer Products Manufacturing,$10+ billion (USD),3.7, 2.6,3.6,"London, United Kingdom"
94,Reed Business Information,1001 to 5000 Employees,1918,Subsidiary or Business Segment,Consulting,$100 to $500 million (USD),4.0, 3.1,3.5,"London, United Kingdom"
95,FARFETCH,1001 to 5000 Employees,2008,Company - Public,Internet,Unknown / Non-Applicable,4.1, 2.8,3.3,"London, United Kingdom"
96,Abcam,1001 to 5000 Employees,1998,Company - Public,Biotech & Pharmaceuticals,$100 to $500 million (USD),4.6, 2.8,4.1,"Cambridge, United Kingdom"
97,Kubrick Group,201 to 500 Employees,2016,Company - Private,IT Services,Unknown / Non-Applicable,4.0, 2.9,0.0,"London, United Kingdom"
98,DAZN,1001 to 5000 Employees,2015,Company - Private,Internet,Unknown / Non-Applicable,3.4, 2.9,2.0,"Hammersmith, United Kingdom"
99,Qubit,201 to 500 Employees,2010,Company - Private,Computer Hardware & Software,Unknown / Non-Applicable,4.0, 2.8,4.3,"London, United Kingdom"
100,Hitachi Rail,1001 to 5000 Employees,1999,Company - Private,Rail,Unknown / Non-Applicable,3.6, 2.9,0.0,"London, United Kingdom"
101,The Institution of Engineering and Technology,501 to 1000 Employees,null,Nonprofit Organization,Grantmaking Foundations,Unknown / Non-Applicable,3.7, 2.9,0.0,"Stevenage, United Kingdom"
102,GroupM,10000+ Employees,2003,Subsidiary or Business Segment,Publishing,Unknown / Non-Applicable,3.7, 2.7,4.0,"New York, NY"
103,ICIS,501 to 1000 Employees,1980,Subsidiary or Business Segment,Enterprise Software & Network Solutions,Unknown / Non-Applicable,2.9, 2.9,2.0,"London, United Kingdom"
104,Smarkets,51 to 200 Employees,2008,Company - Private,Financial Transaction Processing,$25 to $50 million (USD),3.5, 3.2,0.0,"London, United Kingdom"
105,Agilent Technologies,10000+ Employees,1999,Company - Public,Biotech & Pharmaceuticals,$2 to $5 billion (USD),4.1, 3.0,3.6,"Santa Clara, CA"
106,Valtech,1001 to 5000 Employees,1993,Company - Private,Advertising & Marketing,$25 to $50 million (USD),3.8, 2.8,3.6,"London, United Kingdom"
107,Liberty Global,10000+ Employees,2005,Company - Public,"Cable, Internet & Telephone Providers",$10+ billion (USD),3.6, 3.0,3.8,"London, United Kingdom"
108,Product Madness,51 to 200 Employees,2007,Company - Private,Video Games,Unknown / Non-Applicable,3.6, 2.8,2.4,"London, United Kingdom"
109,Mudano,51 to 200 Employees,2014,Company - Private,IT Services,Unknown / Non-Applicable,4.3, 3.1,0.0,"London, United Kingdom"
110,Summit,51 to 200 Employees,2000,Company - Private,Advertising & Marketing,$5 to $10 million (USD),3.4, 2.8,0.0,"Willerby, United Kingdom"
111,Skimlinks,51 to 200 Employees,2008,Company - Private,Internet,Unknown / Non-Applicable,3.8, 2.7,0.0,"London, United Kingdom"
112,Quantexa,201 to 500 Employees,2016,Company - Private,IT Services,Unknown / Non-Applicable,4.7, 3.4,0.0,"London, United Kingdom"
113,RES,1001 to 5000 Employees,1992,Company - Private,Energy,$100 to $500 million (USD),3.5, 2.7,3.9,"Kings Langley, United Kingdom"
114,Drover ,51 to 200 Employees,2015,Company - Private,Internet,Unknown / Non-Applicable,4.2, 2.8,0.0,"London, United Kingdom"
115,Owlstone Medical,51 to 200 Employees,2004,Company - Private,Biotech & Pharmaceuticals,Unknown / Non-Applicable,3.8, 3.0,0.0,"Cambridge, United Kingdom"
116,Football Radar,51 to 200 Employees,2009,Company - Private,IT Services,Unknown / Non-Applicable,4.0, 3.0,0.0,"London, United Kingdom"
117,Pusher,51 to 200 Employees,2010,Company - Private,Internet,Unknown / Non-Applicable,3.6, 2.7,4.0,"London, United Kingdom"
118,Profusion,51 to 200 Employees,2009,Company - Private,Consulting,Unknown / Non-Applicable,4.1, 3.5,0.0,"London, United Kingdom"
119,BenevolentAI,201 to 500 Employees,2013,Company - Private,Biotech & Pharmaceuticals,Unknown / Non-Applicable,4.1, 3.1,0.0,"London, United Kingdom"
120,Aridhia Informatics,51 to 200 Employees,2007,Company - Private,Computer Hardware & Software,Unknown / Non-Applicable,4.6, 3.5,0.0,"Glasgow, United Kingdom"
121,Featurespace,201 to 500 Employees,2005,Company - Private,Security Services,$10 to $25 million (USD),4.6, 2.9,5.0,"Cambridge, United Kingdom"
122,Annalect,201 to 500 Employees,2010,Company - Private,Enterprise Software & Network Solutions,Unknown / Non-Applicable,3.8, 2.5,3.8,"New York, NY"
123,eRevalue,,,,,,3.2, 3.5,,
124,Phrasee,51 to 200 Employees,2015,Company - Private,Advertising & Marketing,Unknown / Non-Applicable,4.7, 3.0,,"London, United Kingdom"
125,Thatcham Research,51 to 200 Employees,1969,Nonprofit Organization,Research & Development,Unknown / Non-Applicable,4.3,,0.0,"Thatcham, United Kingdom"
126,Logically,1 to 50 Employees,1999,Company - Private,IT Services,Unknown / Non-Applicable,3.1, 2.5,,"Little Rock, AR"
127,Pivigo,1 to 50 Employees,2013,Company - Private,Consulting,Unknown / Non-Applicable,4.8,,,"London, United Kingdom"
128,Clear Returns,,,,,,5.0,,,
129,AlignAlytics,51 to 200 Employees,null,Company - Private,,Less than $1 million (USD),4.2,,,"Wayne, PA"
130,Satavia,1 to 50 Employees,null,Company - Private,,Less than $1 million (USD),5.0,,,"Cambridge, United Kingdom"
131,Coremetrix,,,,,,,,,
132,Spectra Analytics,1 to 50 Employees,2014,Company - Private,Computer Hardware & Software,Unknown / Non-Applicable,5.0,,0.0,"London, United Kingdom"
133,HARNESS Property Intelligence,,,,,,0.0,,,
134,Her Majesty's Revenue & Customs,10000+ Employees,2005,Government,Federal Agencies,$500 million to $1 billion (USD),3.6, 2.8,0.0,"London, United Kingdom"
135,EY,10000+ Employees,1989,Company - Private,Accounting,$10+ billion (USD),3.9, 2.9,3.9,"London, United Kingdom"
136,Accenture,10000+ Employees,1989,Company - Public,Consulting,$10+ billion (USD),3.9, 2.8,4.1,"Dublin, Ireland"
137,Dixons Carphone,10000+ Employees,1937,Company - Public,Media & Entertainment Retail Stores,$2 to $5 billion (USD),3.2, 2.5,0.0,"Acton, United Kingdom"
138,Jaguar Land Rover,10000+ Employees,2008,Company - Private,Transportation Equipment Manufacturing,$10+ billion (USD),3.7, 3.1,3.2,"Coventry, United Kingdom"
139,Imperial College London,5001 to 10000 Employees,1907,College / University,Colleges & Universities,Unknown / Non-Applicable,4.3, 2.8,5.0,"London, United Kingdom"
140,Goldman Sachs,10000+ Employees,1869,Company - Public,Investment Banking & Asset Management,$10+ billion (USD),4.1, 3.1,4.2,"New York, NY"
141,GlaxoSmithKline,10000+ Employees,1830,Company - Public,Biotech & Pharmaceuticals,$10+ billion (USD),4.0, 3.1,4.2,"Brentford, United Kingdom"
142,UBS,10000+ Employees,1862,Company - Public,Investment Banking & Asset Management,$10+ billion (USD),3.7, 2.9,3.6,"Zürich, Switzerland"
143,British Airways,10000+ Employees,1919,Subsidiary or Business Segment,Airlines,$10+ billion (USD),3.0, 3.2,4.0,"Harmondsworth, United Kingdom"
144,Rolls-Royce,10000+ Employees,1906,Company - Public,Aerospace & Defense,$10+ billion (USD),3.8, 3.3,3.6,"London, United Kingdom"
145,University College London,10000+ Employees,1826,College / University,Colleges & Universities,$1 to $2 billion (USD),4.2, 3.0,0.0,"London, United Kingdom"
146,Oxford University,501 to 1000 Employees,null,College / University,Colleges & Universities,$500 million to $1 billion (USD),4.3, 3.1,3.7,"Oxford, United Kingdom"
147,Argos,10000+ Employees,1973,Subsidiary or Business Segment,General Merchandise & Superstores,$5 to $10 billion (USD),3.7, 2.3,2.5,"Milton Keynes, United Kingdom"
148,Credit Suisse,10000+ Employees,1856,Company - Public,Investment Banking & Asset Management,$10+ billion (USD),3.9, 2.9,4.0,"Zürich, Switzerland"
149,Booking.com,10000+ Employees,1996,Company - Public,Internet,$10+ billion (USD),3.7, 2.8,3.7,"Amsterdam, Netherlands"
150,Ministry of Justice UK,1001 to 5000 Employees,2007,Government,Federal Agencies,$100 to $500 million (USD),3.8, 3.1,0.0,"London, United Kingdom"
151,ASOS,1001 to 5000 Employees,2000,Company - Public,"Department, Clothing, & Shoe Stores",$1 to $2 billion (USD),3.1, 2.8,3.3,"London, United Kingdom"
152,British Gas,10000+ Employees,1986,Company - Private,Energy,Unknown / Non-Applicable,3.1, 2.9,5.0,"Staines, United Kingdom"
153,PA Consulting,1001 to 5000 Employees,1943,Company - Private,Consulting,$100 to $500 million (USD),3.3, 3.1,3.2,"London, United Kingdom"
154,University of Manchester,5001 to 10000 Employees,1824,College / University,Colleges & Universities,$500 million to $1 billion (USD),4.2, 2.6,0.0,"Manchester, United Kingdom"
155,Arup,10000+ Employees,1946,Company - Private,Architectural & Engineering Services,$100 to $500 million (USD),4.0, 2.9,4.4,"London, United Kingdom"
156,Transport for London,10000+ Employees,2000,Government,Transportation Management,$5 to $10 billion (USD),4.0, 3.2,0.0,"London, United Kingdom"
157,University of Edinburgh,10000+ Employees,null,College / University,Colleges & Universities,$500 million to $1 billion (USD),4.2, 2.7,0.0,"Edinburgh, United Kingdom"
158,DXC Technology,10000+ Employees,2017,Company - Public,IT Services,$10+ billion (USD),3.1, 2.7,2.5,"Tysons Corner, VA"
159,Hewlett Packard Enterprise | HPE,10000+ Employees,2015,Company - Public,Enterprise Software & Network Solutions,Unknown / Non-Applicable,3.9, 2.8,3.5,"Palo Alto, CA"
160,Sage,10000+ Employees,1981,Company - Public,Computer Hardware & Software,$1 to $2 billion (USD),4.4, 2.8,3.6,"Newcastle upon Tyne, United Kingdom"
161,Tata Consultancy Services,10000+ Employees,1968,Company - Public,Computer Hardware & Software,$10+ billion (USD),3.9, 2.7,3.2,"Mumbai, India"
162,Ordnance Survey,1001 to 5000 Employees,1800,Government,Federal Agencies,Unknown / Non-Applicable,3.3, 3.1,0.0,"Southampton, United Kingdom"
163,Direct Line Group,10000+ Employees,1985,Company - Public,Insurance Carriers,$2 to $5 billion (USD),3.8, 2.9,0.0,"Bromley, United Kingdom"
164,FCA,1001 to 5000 Employees,2013,Nonprofit Organization,Federal Agencies,Unknown / Non-Applicable,3.5, 3.1,4.0,"London, United Kingdom"
165,CGI,10000+ Employees,1976,Company - Public,Consulting,$10+ billion (USD),3.6, 2.7,3.4,"Montreal, Canada"
166,Pearson,10000+ Employees,1844,Company - Public,Education Training Services,$5 to $10 billion (USD),3.4, 2.8,3.9,"London, United Kingdom"
167,University of Bristol,5001 to 10000 Employees,1876,College / University,Colleges & Universities,$500 million to $1 billion (USD),4.3, 2.8,0.0,"Bristol, United Kingdom"
168,Amey,10000+ Employees,1921,Company - Private,Construction,$2 to $5 billion (USD),3.2, 3.0,0.0,"London, United Kingdom"
169,Sainsbury’s,Unknown,null,Company - Private,,Less than $1 million (USD),3.9, 2.2,0.0,"Loughborough, United Kingdom"
170,University of Leeds,5001 to 10000 Employees,null,College / University,Colleges & Universities,$500 million to $1 billion (USD),4.4, 2.8,0.0,"Leeds, United Kingdom"
171,RB,10000+ Employees,1823,Company - Public,Consumer Products Manufacturing,$10+ billion (USD),3.6, 3.0,3.9,"Slough, United Kingdom"
172,Aon,10000+ Employees,1892,Company - Public,Insurance Agencies & Brokerages,$10+ billion (USD),3.6, 2.8,3.7,"London, United Kingdom"
173,Nomura Holdings,10000+ Employees,1925,Company - Public,Investment Banking & Asset Management,$10+ billion (USD),3.8, 3.0,4.2,"Tokyo, Japan"
174,Virgin Money,5001 to 10000 Employees,1838,Company - Public,Banks & Credit Unions,Unknown / Non-Applicable,3.3, 2.8,0.0,"Glasgow, United Kingdom"
175,QinetiQ,5001 to 10000 Employees,2001,Company - Public,Aerospace & Defense,$2 to $5 billion (USD),3.7, 3.1,1.0,"London, United Kingdom"
176,Schlumberger,10000+ Employees,1926,Company - Public,Oil & Gas Services,$10+ billion (USD),3.7, 2.9,3.9,"Houston, TX"
177,Worldpay,1001 to 5000 Employees,1989,Company - Public,Financial Transaction Processing,$1 to $2 billion (USD),3.4, 2.8,3.6,"London, United Kingdom"
178,Openreach,5001 to 10000 Employees,2006,Subsidiary or Business Segment,Telecommunications Manufacturing,$5 to $10 billion (USD),3.9, 3.0,0.0,"London, United Kingdom"
179,Sopra Steria,10000+ Employees,1968,Company - Public,IT Services,$2 to $5 billion (USD),3.5, 2.8,1.0,"Annecy-le-Vieux, France"
180,Visa Inc.,10000+ Employees,1958,Company - Public,IT Services,$10+ billion (USD),3.9, 2.8,3.9,"Foster City, CA"
181,National Grid,10000+ Employees,1990,Company - Public,Utilities,$5 to $10 billion (USD),3.8, 2.9,4.0,"Waltham, MA"
182,Diageo,10000+ Employees,1997,Company - Public,Food & Beverage Manufacturing,$10+ billion (USD),4.0, 3.1,4.4,"London, United Kingdom"
183,AXA,10000+ Employees,1985,Company - Private,Insurance Carriers,Unknown / Non-Applicable,3.9, 2.6,3.9,"Paris, France"
184,Capital One,10000+ Employees,1994,Company - Public,Banks & Credit Unions,$10+ billion (USD),4.0, 3.1,4.4,"Mc Lean, VA"
185,LV=,1001 to 5000 Employees,1843,Other Organization,Insurance Carriers,Unknown / Non-Applicable,3.4, 2.6,3.0,"Bournemouth, United Kingdom"
186,OVO Energy,5001 to 10000 Employees,2009,Company - Private,Energy,Unknown / Non-Applicable,3.2, 2.8,0.0,"Bristol, United Kingdom"
187,Thames Water,5001 to 10000 Employees,1989,Company - Private,Utilities,$1 to $2 billion (USD),3.3, 2.9,0.0,"Reading, United Kingdom"
188,GlobalData,1001 to 5000 Employees,2004,Company - Public,Research & Development,$100 to $500 million (USD),3.2, 2.8,2.6,"London, United Kingdom"
189,Johnson Matthey,10000+ Employees,1817,Company - Public,Chemical Manufacturing,Unknown / Non-Applicable,3.5, 2.8,3.9,"London, United Kingdom"
190,Sky Betting & Gaming,1001 to 5000 Employees,2000,Company - Public,Internet,$500 million to $1 billion (USD),4.6, 2.9,0.0,"Leeds, United Kingdom"
191,Uber,10000+ Employees,2009,Company - Public,Computer Hardware & Software,Unknown / Non-Applicable,4.0, 2.9,3.1,"San Francisco, CA"
192,Boston Consulting Group,10000+ Employees,1963,Company - Private,Consulting,$5 to $10 million (USD),4.4, 3.7,4.7,"Boston, MA"
193,Monzo Bank,1001 to 5000 Employees,2015,Company - Private,Banks & Credit Unions,Unknown / Non-Applicable,3.5, 3.0,5.0,"London, United Kingdom"
194,Gamesys,1001 to 5000 Employees,2001,Company - Public,Gambling,$100 to $500 million (USD),3.6, 2.8,4.0,"London, United Kingdom"
195,Auto Trader UK,501 to 1000 Employees,1977,Company - Public,Internet,$100 to $500 million (USD),5.0, 3.4,0.0,"Manchester, United Kingdom"
196,Mars,10000+ Employees,1911,Company - Private,Food & Beverage Manufacturing,$10+ billion (USD),4.0, 3.1,4.3,"Mc Lean, VA"
197,Explore Group,51 to 200 Employees,2005,Company - Private,Computer Hardware & Software,Unknown / Non-Applicable,3.8, 3.2,0.0,"London, United Kingdom"
198,Zurich Insurance,10000+ Employees,1872,Company - Public,IT Services,$10+ billion (USD),3.8, 2.9,3.5,"Zürich, Switzerland"
199,Queen's University Belfast,1001 to 5000 Employees,1845,College / University,Colleges & Universities,$100 to $500 million (USD),4.1, 2.9,0.0,"Belfast, United Kingdom"
200,University of Strathclyde,1001 to 5000 Employees,1796,College / University,Colleges & Universities,$100 to $500 million (USD),4.5, 2.9,0.0,"Alexandria, United Kingdom"
201,The National Trust,5001 to 10000 Employees,1895,Nonprofit Organization,Social Assistance,$100 to $500 million (USD),4.1, 2.7,0.0,"Swindon, United Kingdom"
202,Investec,5001 to 10000 Employees,1974,Company - Public,Investment Banking & Asset Management,$2 to $5 billion (USD),4.0, 2.8,0.0,"Sandton, South Africa"
203,Hiscox,1001 to 5000 Employees,1901,Company - Public,Insurance Carriers,$2 to $5 billion (USD),4.1, 3.0,4.1,"Hamilton, Bermuda"
204,ITV,1001 to 5000 Employees,1955,Company - Public,TV Broadcast & Cable Networks,$2 to $5 billion (USD),4.2, 2.8,3.0,"London, United Kingdom"
205,Veolia,10000+ Employees,1853,Company - Public,Utilities,$2 to $5 billion (USD),3.6, 2.6,3.8,"Paris, France"
206,Allstate Northern Ireland,1001 to 5000 Employees,1998,Company - Private,IT Services,$50 to $100 million (USD),3.4, 2.9,1.0,"Belfast, United Kingdom"
207,News UK,1001 to 5000 Employees,1981,Subsidiary or Business Segment,News Outlet,$50 to $100 million (USD),3.5, 2.9,0.0,"London, United Kingdom"
208,Allianz,10000+ Employees,1890,Company - Public,Brokerage Services,$10+ billion (USD),3.8, 2.8,4.0,"Munich, Germany"
209,Heat Recruitment,51 to 200 Employees,2005,Company - Private,Staffing & Outsourcing,$5 to $10 million (USD),4.7, 2.7,0.0,"Bristol, United Kingdom"
210,Oliver Wyman,1001 to 5000 Employees,1984,Subsidiary or Business Segment,Consulting,$1 to $2 billion (USD),4.3, 3.5,3.9,"New York, NY"
211,Severn Trent,5001 to 10000 Employees,1974,Company - Private,Utilities,Unknown / Non-Applicable,4.0, 2.9,2.0,"Coventry, United Kingdom"
212,AXA UK,5001 to 10000 Employees,1996,Company - Private,Insurance Carriers,Unknown / Non-Applicable,4.2, 2.9,0.0,"London, United Kingdom"
213,BJSS,1001 to 5000 Employees,1993,Company - Private,IT Services,$100 to $500 million (USD),3.9, 3.1,4.0,"Leeds, United Kingdom"
214,GE Aviation,1001 to 5000 Employees,1917,Subsidiary or Business Segment,Aerospace & Defense,$500 million to $1 billion (USD),3.7, 2.9,3.7,"Cincinnati, OH"
215,University of Reading,1001 to 5000 Employees,1926,College / University,Colleges & Universities,$100 to $500 million (USD),4.0, 3.0,0.0,"Reading, United Kingdom"
216,Roche,10000+ Employees,1896,Company - Public,Biotech & Pharmaceuticals,$10+ billion (USD),4.2, 3.0,4.4,"Basel, Switzerland"
217,Cision,1001 to 5000 Employees,1892,Company - Private,Computer Hardware & Software,$500 million to $1 billion (USD),3.0, 2.6,3.6,"Chicago, IL"
218,Cabinet Office UK,1001 to 5000 Employees,1916,Government,Federal Agencies,$50 to $100 million (USD),3.7, 3.1,0.0,"London, United Kingdom"
219,Citrix,5001 to 10000 Employees,1989,Company - Public,Computer Hardware & Software,$2 to $5 billion (USD),4.0, 3.0,4.1,"Fort Lauderdale, FL"
220,Knight Frank,10000+ Employees,1896,Company - Private,Real Estate,$100 to $500 million (USD),3.6, 2.7,0.0,"London, United Kingdom"
221,LexisNexis Legal & Professional,10000+ Employees,1818,Company - Public,Consulting,$2 to $5 billion (USD),3.9, 2.8,3.8,"New York, NY"
222,GE Healthcare,5001 to 10000 Employees,1892,Subsidiary or Business Segment,Health Care Services & Hospitals,$10+ billion (USD),3.7, 2.9,3.7,"Chicago, IL"
223,NHS Digital,1001 to 5000 Employees,2013,Government,Federal Agencies,Unknown / Non-Applicable,3.2, 3.4,0.0,"Leeds, United Kingdom"
224,Avanade,10000+ Employees,2000,Company - Private,IT Services,$2 to $5 billion (USD),3.9, 2.9,3.8,"Seattle, WA"
225,Caterpillar,10000+ Employees,1925,Company - Public,Industrial Manufacturing,$10+ billion (USD),3.9, 3.0,4.0,"Deerfield, IL"
226,BMW,10000+ Employees,1916,Company - Public,Transportation Equipment Manufacturing,$10+ billion (USD),4.1, 2.8,4.0,"Munich, Germany"
227,Jagex,201 to 500 Employees,2001,Company - Private,Video Games,$100 to $500 million (USD),3.4, 3.0,0.0,"Cambridge, United Kingdom"
228,Royal Bank of Scotland International,10000+ Employees,1727,Subsidiary or Business Segment,Investment Banking & Asset Management,$10+ billion (USD),3.9, 3.0,0.0,"Edinburgh, United Kingdom"
229,Medical Research Council,1001 to 5000 Employees,1913,Nonprofit Organization,Biotech & Pharmaceuticals,$50 to $100 million (USD),4.1, 2.9,3.0,"Swindon, United Kingdom"
230,Citizens Advice,501 to 1000 Employees,1939,Nonprofit Organization,Social Assistance,$50 to $100 million (USD),4.3, 2.6,0.0,"London, United Kingdom"
231,Office for National Statistics,1001 to 5000 Employees,1996,Government,Federal Agencies,Unknown / Non-Applicable,4.2, 2.9,0.0,"Newport, United Kingdom"
232,GE Capital,1001 to 5000 Employees,1932,Subsidiary or Business Segment,Investment Banking & Asset Management,$10+ billion (USD),3.8, 2.9,3.9,"Norwalk, CT"
233,Tripadvisor,1001 to 5000 Employees,2000,Company - Public,Internet,$1 to $2 billion (USD),3.5, 2.9,4.5,"Needham, MA"
234,Pfizer,10000+ Employees,1849,Company - Public,Biotech & Pharmaceuticals,$10+ billion (USD),4.2, 3.0,4.2,"New York, NY"
235,"City, University of London",1001 to 5000 Employees,1894,College / University,Colleges & Universities,$100 to $500 million (USD),4.1, 2.9,0.0,"London, United Kingdom"
236,Science and Technology Facilities Council,1001 to 5000 Employees,2007,Government,Research & Development,$100 to $500 million (USD),3.6, 3.2,0.0,"Swindon, United Kingdom"
237,QBE,10000+ Employees,1886,Company - Public,Insurance Carriers,$10+ billion (USD),3.5, 2.6,3.7,"Sydney, Australia"
238,Publicis Groupe,10000+ Employees,1926,Company - Public,Advertising & Marketing,$5 to $10 billion (USD),3.6, 2.6,3.9,"Paris, France"
239,MS Amlin,1001 to 5000 Employees,null,Company - Private,Insurance Carriers,$2 to $5 billion (USD),2.4, 2.9,0.0,"London, United Kingdom"
240,Freelancer,501 to 1000 Employees,2010,Company - Public,Staffing & Outsourcing,$25 to $50 million (USD),4.1, 2.6,3.1,"Sydney, Australia"
241,Wavemaker,5001 to 10000 Employees,2017,Company - Public,Advertising & Marketing,$1 to $2 billion (USD),3.5, 2.6,4.0,"London, United Kingdom"
242,University of Essex,1001 to 5000 Employees,null,College / University,Colleges & Universities,$100 to $500 million (USD),4.3, 3.0,0.0,"Colchester, United Kingdom"
243,N Brown Group,1001 to 5000 Employees,1859,Company - Public,"Department, Clothing, & Shoe Stores",$500 million to $1 billion (USD),3.7, 3.1,0.0,"Manchester, United Kingdom"
244,Illumina,5001 to 10000 Employees,1998,Company - Public,Biotech & Pharmaceuticals,$2 to $5 billion (USD),3.9, 3.0,4.2,"San Diego, CA"
245,CACI (UK),501 to 1000 Employees,1975,Company - Private,IT Services,Unknown / Non-Applicable,3.0, 2.8,0.0,"London, United Kingdom"
246,Carnival,10000+ Employees,1994,Company - Public,Cruise Ships,$10+ billion (USD),4.0, 2.7,3.7,"Doral, FL"
247,Lonza,10000+ Employees,1897,Company - Public,Biotech & Pharmaceuticals,$5 to $10 billion (USD),3.3, 2.7,4.1,"Basel, Switzerland"
248,Trainline,501 to 1000 Employees,1999,Company - Public,Internet,$100 to $500 million (USD),0.0, 2.8,5.0,"London, United Kingdom"
249,Media by Kantar,5001 to 10000 Employees,1993,Subsidiary or Business Segment,Advertising & Marketing,Unknown / Non-Applicable,3.5, 2.6,3.7,"London, United Kingdom"
250,AWE PLC,5001 to 10000 Employees,1940,Company - Private,Federal Agencies,$100 to $500 million (USD),3.1, 3.1,0.0,"Aldermaston, United Kingdom"
251,Genpact,10000+ Employees,1997,Company - Public,IT Services,$2 to $5 billion (USD),3.7, 2.8,3.5,"New York, NY"
252,Syngenta,10000+ Employees,2000,Company - Public,Chemical Manufacturing,$10+ billion (USD),4.0, 3.0,4.2,"Basel, Switzerland"
253,RAC,1001 to 5000 Employees,1897,Company - Private,Membership Organizations,$100 to $500 million (USD),3.9, 2.2,0.0,"Walsall, United Kingdom"
254,Halliburton,10000+ Employees,1919,Company - Public,Oil & Gas Services,$10+ billion (USD),3.6, 2.6,4.1,"Houston, TX"
255,Wellcome Trust,501 to 1000 Employees,1936,Nonprofit Organization,Grantmaking Foundations,$500 million to $1 billion (USD),4.0, 3.2,0.0,"London, United Kingdom"
256,Tata Steel,10000+ Employees,1903,Company - Private,Metal & Mineral Manufacturing,$10+ billion (USD),4.1, 2.9,0.0,"Mumbai, India"
257,Department for Transport,5001 to 10000 Employees,2002,Government,Federal Agencies,$100 to $500 million (USD),4.0, 3.1,0.0,"London, United Kingdom"
258,Quick Connect USA,,,,,,1.6, 3.0,,
259,Channel 4,501 to 1000 Employees,1982,Nonprofit Organization,TV Broadcast & Cable Networks,$500 million to $1 billion (USD),3.8, 3.2,0.0,"London, United Kingdom"
260,Government Digital Service,501 to 1000 Employees,2012,Government,Internet,Unknown / Non-Applicable,4.1, 3.3,0.0,"London, United Kingdom"
261,American Express Global Business Travel,10000+ Employees,1915,Company - Private,Travel Agencies,Unknown / Non-Applicable,3.7, 2.5,3.3,"Jersey City, NJ"
262,TES Global,501 to 1000 Employees,1910,Company - Private,K-12 Education,Unknown / Non-Applicable,3.7, 2.8,0.0,"London, United Kingdom"
263,Hitachi Consulting,5001 to 10000 Employees,2000,Subsidiary or Business Segment,Consulting,$500 million to $1 billion (USD),3.4, 2.9,3.5,"Dallas, TX"
264,Kindred Group,1001 to 5000 Employees,1997,Company - Public,Internet,Unknown / Non-Applicable,3.7, 2.9,0.0,"Valletta, Malta"
265,Red Bull,10000+ Employees,1987,Company - Private,Food & Beverage Manufacturing,Unknown / Non-Applicable,4.2, 3.0,4.0,"Fuschl am See, Austria"
266,Plymouth University,1001 to 5000 Employees,null,College / University,Colleges & Universities,$100 to $500 million (USD),4.1, 2.7,0.0,"Plymouth, United Kingdom"
267,Rolls-Royce Motor Cars,1001 to 5000 Employees,null,Subsidiary or Business Segment,Transportation Equipment Manufacturing,$100 to $500 million (USD),3.9, 3.2,0.0,"Chichester, United Kingdom"
268,M&C Saatchi,1001 to 5000 Employees,null,Company - Public,Advertising & Marketing,$100 to $500 million (USD),3.3, 3.0,4.0,"London, United Kingdom"
269,SUEZ,10000+ Employees,1997,Company - Private,Utilities,$10+ billion (USD),3.8, 2.7,3.7,"Paris, France"
270,Northern Ireland Civil Service,Unknown,null,Unknown,Federal Agencies,Less than $1 million (USD),4.0, 3.3,0.0,"Belfast, United Kingdom"
271,The Manufacturing Technology Centre,501 to 1000 Employees,2010,Nonprofit Organization,Industrial Manufacturing,$50 to $100 million (USD),3.2, 3.0,0.0,"Coventry, United Kingdom"
272,SAS Institute,10000+ Employees,1976,Company - Private,Computer Hardware & Software,$2 to $5 billion (USD),4.0, 2.9,4.5,"Cary, NC"
273,Twinkl Educational Publishing,201 to 500 Employees,2010,Company - Private,K-12 Education,Unknown / Non-Applicable,3.0, 3.0,0.0,"Sheffield, United Kingdom"
274,WarnerMedia,10000+ Employees,2003,Subsidiary or Business Segment,TV Broadcast & Cable Networks,$10+ billion (USD),3.9, 2.8,4.3,"New York, NY"
275,Palantir Technologies,1001 to 5000 Employees,2004,Company - Private,Computer Hardware & Software,$1 to $2 billion (USD),3.9, 3.2,4.3,"Denver, CO"
276,Wolters Kluwer,10000+ Employees,1836,Company - Public,Consulting,$2 to $5 billion (USD),3.3, 2.8,3.8,"Alphen aan den Rijn, Netherlands"
277,Teradata,10000+ Employees,1979,Company - Public,Computer Hardware & Software,$2 to $5 billion (USD),3.7, 2.9,3.7,"San Diego, CA"
278,Phoenix Group,1001 to 5000 Employees,null,Company - Public,Insurance Carriers,Unknown / Non-Applicable,3.9, 3.5,0.0,"London, United Kingdom"
279,European Bioinformatics Institute,201 to 500 Employees,1994,Nonprofit Organization,Computer Hardware & Software,Unknown / Non-Applicable,4.4, 2.3,0.0,"Cambridge, United Kingdom"
280,Aberdeen Asset Management,,,,,,,,,
281,University of Brighton,1001 to 5000 Employees,null,College / University,Colleges & Universities,$100 to $500 million (USD),3.5, 2.8,0.0,"Brighton, United Kingdom"
282,GBG,1001 to 5000 Employees,1989,Company - Public,Computer Hardware & Software,$100 to $500 million (USD),3.6, 3.2,4.0,"Chester, United Kingdom"
283,BDP,201 to 500 Employees,1961,Company - Private,Architectural & Engineering Services,$50 to $100 million (USD),3.7, 3.2,0.0,"Manchester, United Kingdom"
284,G-Research,501 to 1000 Employees,2001,Company - Private,Computer Hardware & Software,Unknown / Non-Applicable,4.8, 3.5,0.0,"London, United Kingdom"
285,Yorkshire Water,1001 to 5000 Employees,1973,Company - Private,Utilities,$500 million to $1 billion (USD),3.5, 3.0,0.0,"Bradford, United Kingdom"
286,CMC Markets,201 to 500 Employees,1989,Company - Private,Brokerage Services,$100 to $500 million (USD),3.1, 2.9,5.0,"London, United Kingdom"
287,Amnesty International,201 to 500 Employees,1961,Nonprofit Organization,Social Assistance,Less than $1 million (USD),3.8, 2.4,2.4,"London, United Kingdom"
288,YouGov,1001 to 5000 Employees,2000,Company - Public,Research & Development,$100 to $500 million (USD),4.0, 2.8,3.9,"London, United Kingdom"
289,Hotels.com,Unknown,1991,Subsidiary or Business Segment,Internet,Unknown / Non-Applicable,3.7, 3.2,4.3,"Dallas, TX"
290,Hitachi Vantara,5001 to 10000 Employees,1989,Subsidiary or Business Segment,IT Services,Unknown / Non-Applicable,2.9, 2.7,3.7,"Santa Clara, CA"
291,Bristol Myers Squibb,10000+ Employees,1858,Company - Public,Biotech & Pharmaceuticals,$10+ billion (USD),4.1, 2.9,4.1,"New York, NY"
292,RELX,,,,,,,,,
293,Simon-Kucher & Partners,1001 to 5000 Employees,1985,Company - Private,Consulting,$100 to $500 million (USD),3.8, 3.2,3.6,"Bonn, Germany"
294,Ebiquity,501 to 1000 Employees,null,Company - Public,Advertising & Marketing,$50 to $100 million (USD),3.0, 3.0,4.0,"London, United Kingdom"
295,Welsh Water,1001 to 5000 Employees,1989,Nonprofit Organization,Utilities,$500 million to $1 billion (USD),3.4, 3.3,0.0,"Caerphilly, United Kingdom"
296,Keele University,1001 to 5000 Employees,1949,College / University,Colleges & Universities,$50 to $100 million (USD),4.1, 3.0,0.0,"Keele, United Kingdom"
297,GAIN Capital,501 to 1000 Employees,1999,Company - Public,Brokerage Services,$100 to $500 million (USD),2.6, 2.6,3.7,"Bedminster, NJ"
298,REPL Group,201 to 500 Employees,2007,Company - Private,IT Services,Unknown / Non-Applicable,4.2, 3.3,3.3,"Henley in Arden, United Kingdom"
299,Northrop Grumman,10000+ Employees,1939,Company - Public,Aerospace & Defense,$10+ billion (USD),3.8, 2.6,3.9,"Falls Church, VA"
300,Peakon,201 to 500 Employees,2015,Company - Private,Enterprise Software & Network Solutions,Unknown / Non-Applicable,4.0, 2.9,0.0,"Copenhagen, Denmark"
301,Clarivate,5001 to 10000 Employees,2016,Company - Public,Research & Development,$1 to $2 billion (USD),3.6, 2.8,3.3,"Philadelphia, PA"
302,JustGiving,51 to 200 Employees,2001,Company - Private,Internet,Unknown / Non-Applicable,3.8, 2.9,0.0,"London, United Kingdom"
303,PRGX Global,1001 to 5000 Employees,1996,Company - Public,Accounting,$100 to $500 million (USD),3.3, 2.6,3.4,"Atlanta, GA"
304,Workshare,,,,,,,,,
305,Gousto,201 to 500 Employees,2012,Company - Private,Food & Beverage Stores,Unknown / Non-Applicable,4.7, 2.8,0.0,"London, United Kingdom"
306,AKKA Technologies,10000+ Employees,1984,Company - Private,Research & Development,$2 to $5 billion (USD),3.0, 2.4,4.0,"Brussels, Belgium"
307,Charles River Associates,501 to 1000 Employees,1965,Company - Public,Consulting,$100 to $500 million (USD),4.5, 3.0,4.4,"Boston, MA"
308,Streetbees,51 to 200 Employees,2015,Company - Private,Research & Development,Unknown / Non-Applicable,3.8, 2.8,0.0,"London, United Kingdom"
309,Allstate,10000+ Employees,1931,Company - Public,Insurance Agencies & Brokerages,$10+ billion (USD),3.5, 2.7,3.4,"Northbrook, IL"
310,Giffgaff,201 to 500 Employees,2009,Company - Private,"Cable, Internet & Telephone Providers",Unknown / Non-Applicable,3.7, 2.7,0.0,"Uxbridge, United Kingdom"
311,Curve,51 to 200 Employees,2015,Company - Private,Financial Transaction Processing,Unknown / Non-Applicable,3.8, 2.8,0.0,"London, United Kingdom"
312,UCAS,201 to 500 Employees,1993,Nonprofit Organization,Membership Organizations,$25 to $50 million (USD),3.9, 2.9,0.0,"Cheltenham, United Kingdom"
313,RWE,10000+ Employees,1955,Company - Public,Energy,$10+ billion (USD),3.9, 2.8,0.0,"Essen, Germany"
314,Tandem Bank,51 to 200 Employees,null,Company - Private,Banks & Credit Unions,Unknown / Non-Applicable,3.5, 2.5,0.0,"London, United Kingdom"
315,Findmypast,51 to 200 Employees,null,Company - Private,Internet,Unknown / Non-Applicable,3.5, 3.1,5.0,"London, United Kingdom"
316,Elevate Credit,501 to 1000 Employees,2014,Company - Public,Lending,$100 to $500 million (USD),3.7, 2.9,4.4,"Fort Worth, TX"
317,UCL,501 to 1000 Employees,null,Company - Private,,Less than $1 million (USD),4.2, 2.5,0.0,"Dalton, South Africa"
318,Cox Automotive,10000+ Employees,2014,Company - Private,IT Services,Unknown / Non-Applicable,3.6, 2.8,4.3,"Atlanta, GA"
319,Infectious Media,51 to 200 Employees,2008,Company - Private,Advertising & Marketing,$25 to $50 million (USD),3.7, 2.6,0.0,"London, United Kingdom"
320,Alert Logic,501 to 1000 Employees,2002,Company - Private,Enterprise Software & Network Solutions,$100 to $500 million (USD),3.7, 3.0,3.7,"Houston, TX"
321,NHS Business Services Authority,5001 to 10000 Employees,null,Government,Federal Agencies,Less than $1 million (USD),3.6, 2.8,0.0,
322,Atom Bank,201 to 500 Employees,2014,Company - Private,Banks & Credit Unions,Unknown / Non-Applicable,4.2, 2.3,0.0,"Durham, United Kingdom"
323,Tessian,51 to 200 Employees,2013,Company - Private,Computer Hardware & Software,$10 to $25 million (USD),4.7, 3.1,3.5,"London, United Kingdom"
324,AVL,10000+ Employees,1948,Company - Private,Transportation Equipment Manufacturing,$1 to $2 billion (USD),3.9, 2.6,5.0,"Graz, Austria"
325,Barclays Global Investors,1001 to 5000 Employees,null,Subsidiary or Business Segment,Investment Banking & Asset Management,$100 to $500 million (USD),3.6, 3.3,0.0,"San Francisco, CA"
326,Brandbank,501 to 1000 Employees,1998,Company - Private,IT Services,$10 to $25 million (USD),3.9, 3.0,0.0,"Norwich, United Kingdom"
327,Monese,201 to 500 Employees,2013,Company - Private,Internet,Unknown / Non-Applicable,3.1, 2.7,0.0,"London, United Kingdom"
328,Lola's Cupcakes,201 to 500 Employees,2006,Company - Private,Casual Restaurants,Unknown / Non-Applicable,4.2, 2.3,0.0,"London, United Kingdom"
329,Mind Candy,201 to 500 Employees,2004,Company - Private,Video Games,$5 to $10 million (USD),3.4, 3.3,0.0,"London, United Kingdom"
330,The App Experts (UK),1 to 50 Employees,null,Company - Private,IT Services,Unknown / Non-Applicable,3.1, 1.9,0.0,"London, United Kingdom"
331,Depop,201 to 500 Employees,2011,Company - Private,Other Retail Stores,Unknown / Non-Applicable,4.3, 2.6,0.0,"London, United Kingdom"
332,Karhoo,51 to 200 Employees,2017,Company - Private,Transportation Management,Unknown / Non-Applicable,4.4, 2.6,4.0,"London, United Kingdom"
333,US Air Force,10000+ Employees,1947,Government,Federal Agencies,$10+ billion (USD),4.2, 2.2,4.5,"Washington, DC"
334,Blinkbox Entertainment,201 to 500 Employees,null,Unknown,Internet,$5 to $10 million (USD),3.9, 3.3,0.0,"London, United Kingdom"
335,Uniper,10000+ Employees,2016,Company - Public,Energy,$10+ billion (USD),3.6, 2.9,0.0,"Düsseldorf, Germany"
336,Scottish Environment Protection Agency,1001 to 5000 Employees,null,Government,Federal Agencies,$50 to $100 million (USD),3.6, 3.7,0.0,"Stirling, United Kingdom"
337,Kensington Mortgages,201 to 500 Employees,1995,Company - Public,Lending,Unknown / Non-Applicable,3.7, 3.0,0.0,"Maidenhead, United Kingdom"
338,Innovate UK,Unknown,null,Company - Private,State & Regional Agencies,Unknown / Non-Applicable,3.3, 2.8,0.0,"Swindon, United Kingdom"
339,Transport Systems Catapult,51 to 200 Employees,2013,Nonprofit Organization,Grantmaking Foundations,Unknown / Non-Applicable,2.2, 3.0,0.0,"Milton Keynes, United Kingdom"
340,innogy,,,,,,,,,
341,Hybrid Theory,1 to 50 Employees,2011,Company - Private,Advertising & Marketing,Unknown / Non-Applicable,3.6, 2.8,0.0,"London, United Kingdom"
342,Vantage Point,51 to 200 Employees,2013,Company - Private,Consulting,Unknown / Non-Applicable,4.0, 2.5,0.0,"London, United Kingdom"
343,Altius,201 to 500 Employees,1992,Company - Private,Enterprise Software & Network Solutions,Unknown / Non-Applicable,4.3, 2.5,0.0,"London, United Kingdom"
344,Future Cities Catapult,1 to 50 Employees,null,Company - Private,Grantmaking Foundations,$10 to $25 million (USD),2.0, 3.2,0.0,"London, United Kingdom"
345,Founders Factory,51 to 200 Employees,2015,Company - Private,IT Services,Unknown / Non-Applicable,3.8, 3.2,0.0,"London, United Kingdom"
346,Pepper Financial Services Group,501 to 1000 Employees,2000,Company - Private,Lending,Unknown / Non-Applicable,3.4, 2.5,0.0,"North Sydney, Australia"
347,Masternaut,201 to 500 Employees,1996,Subsidiary or Business Segment,"Cable, Internet & Telephone Providers",$50 to $100 million (USD),3.6, 2.0,0.0,"London, United Kingdom"
348,CGA,51 to 200 Employees,1991,Company - Private,Consulting,$5 to $10 million (USD),4.0, 2.5,0.0,"Stockport, United Kingdom"
349,Nasdaq,1001 to 5000 Employees,1971,Company - Public,Stock Exchanges,$2 to $5 billion (USD),3.8, 2.8,4.2,"New York, NY"
350,Aiimi,51 to 200 Employees,2007,Company - Private,IT Services,Unknown / Non-Applicable,4.8, 3.0,0.0,"Milton Keynes, United Kingdom"
351,MiQ,501 to 1000 Employees,2010,Company - Private,Advertising & Marketing,Unknown / Non-Applicable,3.7, 3.0,3.0,"London, United Kingdom"
352,The Plum Guide,51 to 200 Employees,2015,Company - Private,"Hotels, Motels, & Resorts",$1 to $5 million (USD),4.3, 2.7,0.0,"London, United Kingdom"
353,QueryClick,51 to 200 Employees,2008,Company - Private,Advertising & Marketing,$5 to $10 million (USD),3.2, 3.0,0.0,"Edinburgh, United Kingdom"
354,Cloudera,1001 to 5000 Employees,2008,Company - Public,Enterprise Software & Network Solutions,$100 to $500 million (USD),3.5, 3.1,4.1,"Palo Alto, CA"
355,Genomics England,201 to 500 Employees,2013,Company - Private,Health Care Services & Hospitals,Unknown / Non-Applicable,3.9, 3.0,0.0,"London, United Kingdom"
356,Jinn,51 to 200 Employees,2013,Company - Private,Internet,Unknown / Non-Applicable,2.7, 2.5,0.0,"London, United Kingdom"
357,Cuvva,51 to 200 Employees,2014,Company - Private,Insurance Agencies & Brokerages,Unknown / Non-Applicable,4.3, 2.7,0.0,"London, United Kingdom"
358,Cytora,51 to 200 Employees,2014,Company - Private,Computer Hardware & Software,Unknown / Non-Applicable,3.7, 2.6,0.0,"London, United Kingdom"
359,Beamery,51 to 200 Employees,2014,Company - Private,Enterprise Software & Network Solutions,Unknown / Non-Applicable,4.1, 2.8,4.0,"London, United Kingdom"
360,Intelligent People,1 to 50 Employees,null,Company - Private,Staffing & Outsourcing,Less than $1 million (USD),4.8,,0.0,"Saint Albans, United Kingdom"
361,Lockwood Publishing,51 to 200 Employees,2009,Company - Private,Video Games,Unknown / Non-Applicable,3.7, 2.8,0.0,"Nottingham, United Kingdom"
362,WRc,51 to 200 Employees,1927,Company - Public,Consulting,$5 to $10 million (USD),3.9, 3.5,0.0,"Swindon, United Kingdom"
363,Angel Solutions,1 to 50 Employees,1999,Company - Private,Enterprise Software & Network Solutions,$1 to $5 million (USD),4.9, 2.5,0.0,"Liverpool, United Kingdom"
364,Blockchain,51 to 200 Employees,2011,Company - Private,Internet,Unknown / Non-Applicable,4.1, 2.8,3.3,"London, United Kingdom"
365,Stepstone,1001 to 5000 Employees,1996,Company - Private,Membership Organizations,$100 to $500 million (USD),4.0, 2.8,3.0,"Berlin, Germany"
366,Velocity Black,1 to 50 Employees,null,Company - Private,Internet,Less than $1 million (USD),3.5, 2.7,1.5,"London, United Kingdom"
367,Blue Pelican,1 to 50 Employees,2002,Company - Private,Staffing & Outsourcing,Unknown / Non-Applicable,3.8,,0.0,"Royal Tunbridge Wells, United Kingdom"
368,Bright Network,1 to 50 Employees,2013,Company - Private,Internet,$5 to $10 million (USD),4.7, 2.4,,"London, United Kingdom"
369,Mrs Wordsmith,1 to 50 Employees,null,Company - Private,,Less than $1 million (USD),1.8, 2.5,,"London, United Kingdom"
370,Blis,51 to 200 Employees,null,Company - Private,Advertising & Marketing,Unknown / Non-Applicable,3.4, 2.1,4.5,"London, United Kingdom"
371,MyDrive,1 to 50 Employees,null,Company - Private,,Less than $1 million (USD),4.4, 3.0,0.0,"London, United Kingdom"
372,Vendigital,51 to 200 Employees,2000,Company - Private,Consulting,Unknown / Non-Applicable,4.0, 3.2,0.0,"London, United Kingdom"
373,Natural Environment Research Council,201 to 500 Employees,1965,Government,Federal Agencies,$10 to $25 million (USD),3.3, 3.0,0.0,"Swindon, United Kingdom"
374,Together Housing Group,501 to 1000 Employees,null,Unknown,,$100 to $500 million (USD),2.6, 0.0,0.0,"Halifax, United Kingdom"
375,Dozens,1 to 50 Employees,2018,Company - Private,Investment Banking & Asset Management,Unknown / Non-Applicable,3.9, 2.6,0.0,"London, United Kingdom"
376,eTech (UK),51 to 200 Employees,2005,Company - Private,Enterprise Software & Network Solutions,$5 to $10 million (USD),3.8, 3.0,,"Solihull, United Kingdom"
377,XpertHR,201 to 500 Employees,2002,Company - Public,Publishing,Unknown / Non-Applicable,3.2, 3.0,3.0,"Sutton, United Kingdom"
378,BerryWorld,51 to 200 Employees,null,Company - Private,,Less than $1 million (USD),3.2, 3.4,0.0,"Broxbourne, United Kingdom"
379,Limejump,51 to 200 Employees,null,Company - Private,Computer Hardware & Software,Unknown / Non-Applicable,4.3, 3.0,0.0,"London, United Kingdom"
380,Sparx,51 to 200 Employees,2010,Company - Private,Computer Hardware & Software,Less than $1 million (USD),4.1, 3.3,0.0,"Exeter, United Kingdom"
381,BMLL Technologies,51 to 200 Employees,2014,Company - Private,Enterprise Software & Network Solutions,Unknown / Non-Applicable,4.4, 3.0,0.0,"London, United Kingdom"
382,Harper Adams University,501 to 1000 Employees,1901,College / University,Colleges & Universities,$25 to $50 million (USD),4.3,,0.0,"Newport, United Kingdom"
383,TouchNote,1 to 50 Employees,2008,Company - Private,Internet,$10 to $25 million (USD),4.7, 3.0,0.0,"London, United Kingdom"
384,Battelle,10000+ Employees,1929,Nonprofit Organization,Research & Development,$5 to $10 billion (USD),3.5, 2.8,3.3,"Columbus, OH"
385,Healthcare RM,51 to 200 Employees,2000,Company - Private,Health Care Services & Hospitals,Unknown / Non-Applicable,3.0, 3.0,0.0,"Tewkesbury, United Kingdom"
386,Molo Finance,1 to 50 Employees,2017,Company - Private,Lending,Unknown / Non-Applicable,3.9, 2.0,0.0,"London, United Kingdom"
387,Flatiron School,201 to 500 Employees,2012,Company - Private,Education Training Services,Unknown / Non-Applicable,3.2, 2.4,3.7,"New York, NY"
388,dataffirm,1 to 50 Employees,null,Company - Private,,Less than $1 million (USD),2.5, 2.5,0.0,"London, United Kingdom"
389,Vortexa,51 to 200 Employees,2016,Company - Private,Enterprise Software & Network Solutions,Unknown / Non-Applicable,5.0, 3.1,0.0,"London, United Kingdom"
390,Dice,201 to 500 Employees,1990,Subsidiary or Business Segment,Staffing & Outsourcing,$100 to $500 million (USD),3.5, 2.9,3.4,"Denver, CO"
391,Whizz Education,1 to 50 Employees,null,Company - Private,,Less than $1 million (USD),2.9, 3.0,4.0,"London, United Kingdom"
392,Alibaba Group,1001 to 5000 Employees,null,Company - Public,Computer Hardware & Software,$10+ billion (USD),3.9, 3.0,3.3,"Hangzhou, China"
393,Decibel,51 to 200 Employees,2013,Company - Private,Enterprise Software & Network Solutions,Unknown / Non-Applicable,3.8, 2.8,3.0,"London, United Kingdom"
394,Fractal,1001 to 5000 Employees,2000,Company - Private,Consulting,$100 to $500 million (USD),3.9, 3.2,3.7,"New York, NY"
395,Arctic Shores,51 to 200 Employees,2014,Company - Private,Enterprise Software & Network Solutions,Unknown / Non-Applicable,4.7, 3.4,0.0,"Manchester, United Kingdom"
396,Starcount,1 to 50 Employees,2012,Company - Private,IT Services,Unknown / Non-Applicable,2.9, 3.0,0.0,"London, United Kingdom"
397,Saatchi & Saatchi Wellness,201 to 500 Employees,1970,Subsidiary or Business Segment,Advertising & Marketing,$50 to $100 million (USD),3.8, 2.7,3.9,"New York, NY"
398,Satalia,1 to 50 Employees,null,Company - Private,,Less than $1 million (USD),4.7,,,"London, United Kingdom"
399,Intechnica,1 to 50 Employees,2006,Company - Private,IT Services,Unknown / Non-Applicable,4.8, 3.0,0.0,"Manchester, United Kingdom"
400,Arkera,1 to 50 Employees,2015,Company - Private,Computer Hardware & Software,Unknown / Non-Applicable,4.6, 3.2,0.0,"London, United Kingdom"
401,Marshmallow,51 to 200 Employees,2017,Company - Private,Internet,Unknown / Non-Applicable,4.7, 2.8,0.0,"London, United Kingdom"
402,Times Higher Education,,,,,,4.0,,0.0,
403,Klarna,1001 to 5000 Employees,2005,Company - Private,Financial Transaction Processing,$500 million to $1 billion (USD),3.6, 2.9,4.3,"Stockholm, Sweden"
404,Sensyne Health,51 to 200 Employees,2018,Company - Public,Biotech & Pharmaceuticals,$1 to $5 million (USD),3.9, 3.2,0.0,"Oxford, United Kingdom"
405,Cloud Perspective,1 to 50 Employees,2011,Company - Private,IT Services,$1 to $5 million (USD),4.0, 2.0,,"Wigan, United Kingdom"
406,Brady,5001 to 10000 Employees,1914,Company - Public,Industrial Manufacturing,$1 to $2 billion (USD),3.6, 2.6,3.4,"Milwaukee, WI"
407,Optimum Patient Care,1 to 50 Employees,null,Company - Private,,Less than $1 million (USD),2.3, 2.8,,
408,AMD,5001 to 10000 Employees,1969,Company - Public,Computer Hardware & Software,$2 to $5 billion (USD),4.0, 3.0,3.7,"Santa Clara, CA"
409,Hack Partners,1 to 50 Employees,2015,Company - Private,Enterprise Software & Network Solutions,Unknown / Non-Applicable,4.0, 2.0,,"London, United Kingdom"
410,Ravelin Technology ,51 to 200 Employees,2014,Company - Private,Enterprise Software & Network Solutions,$5 to $10 million (USD),4.8, 2.7,0.0,"London, United Kingdom"
411,AIR Worldwide,501 to 1000 Employees,1987,Subsidiary or Business Segment,Insurance Carriers,Unknown / Non-Applicable,3.3, 2.9,3.9,"Boston, MA"
412,Century-Tech,,,,,,5.0,,,
413,Second Nature (UK),51 to 200 Employees,null,Company - Private,,Less than $1 million (USD),5.0, 3.0,,"London, United Kingdom"
414,Headstart,1 to 50 Employees,2015,Company - Private,Enterprise Software & Network Solutions,$5 to $10 million (USD),4.1, 3.0,2.0,"London, United Kingdom"
415,DataSine,1 to 50 Employees,null,Company - Private,Advertising & Marketing,Unknown / Non-Applicable,4.9,,,"London, United Kingdom"
416,Healthily,51 to 200 Employees,2013,Company - Private,Health Care Services & Hospitals,Unknown / Non-Applicable,4.4, 3.0,,"London, United Kingdom"
417,"Wrightington, Wigan and Leigh NHS",1001 to 5000 Employees,null,Unknown,,$100 to $500 million (USD),4.0, 2.0,0.0,"Leigh, United Kingdom"
418,Hello Soda,1 to 50 Employees,null,Company - Private,,Less than $1 million (USD),3.4, 2.0,4.0,"Manchester, United Kingdom"
419,Panaseer,1 to 50 Employees,2014,Company - Private,Enterprise Software & Network Solutions,Unknown / Non-Applicable,4.4, 3.1,0.0,"London, United Kingdom"
420,LKQ,10000+ Employees,1998,Company - Public,Automotive Parts & Accessories Stores,$5 to $10 billion (USD),3.4, 2.2,3.3,"Chicago, IL"
421,Fospha,1 to 50 Employees,2014,Company - Private,Internet,Unknown / Non-Applicable,4.1, 3.0,,"London, United Kingdom"
422,MAANA,51 to 200 Employees,2012,Company - Private,Computer Hardware & Software,Unknown / Non-Applicable,3.1, 2.9,3.3,"Menlo Park, CA"
423,Senseye,51 to 200 Employees,2015,Company - Private,Computer Hardware & Software,Unknown / Non-Applicable,5.0, 3.0,0.0,"Southampton, United Kingdom"
424,Netacea,51 to 200 Employees,null,Company - Private,Internet,Unknown / Non-Applicable,5.0,,0.0,"Manchester, United Kingdom"
425,SMS,201 to 500 Employees,null,Company - Private,Accounting,$10 to $25 million (USD),3.7, 2.0,1.8,"Buffalo Grove, IL"
426,Datatonic,1 to 50 Employees,2013,Company - Private,Internet,$1 to $5 million (USD),4.4, 2.8,,"London, United Kingdom"
427,Adarga,51 to 200 Employees,2016,Company - Private,Enterprise Software & Network Solutions,Unknown / Non-Applicable,3.6,,0.0,"London, United Kingdom"
428,Wagestream,1 to 50 Employees,2018,Company - Private,Financial Transaction Processing,Unknown / Non-Applicable,4.9,,,"London, United Kingdom"
429,Apolitical,1 to 50 Employees,null,Company - Private,,Less than $1 million (USD),3.8, 2.9,0.0,"London, United Kingdom"
430,Origami Energy,51 to 200 Employees,2011,Company - Private,Enterprise Software & Network Solutions,Unknown / Non-Applicable,3.8, 3.0,0.0,"London, United Kingdom"
431,Unemployed Magazine,1 to 50 Employees,null,Company - Private,Publishing,Less than $1 million (USD),3.8,,,"New York, NY"
432,Growth Intelligence,1 to 50 Employees,2011,Company - Private,Advertising & Marketing,Unknown / Non-Applicable,4.2, 2.5,0.0,"London, United Kingdom"
433,Eagle Genomics,1 to 50 Employees,2008,Company - Private,Biotech & Pharmaceuticals,$1 to $5 million (USD),4.0,,,"Hinxton, United Kingdom"
434,Ferranti Technologies,51 to 200 Employees,null,Company - Private,Aerospace & Defense,$10 to $25 million (USD),3.0,,,"Oldham, United Kingdom"
435,ResearchBods,1 to 50 Employees,null,Company - Private,Research & Development,Less than $1 million (USD),2.9, 3.0,0.0,"Leeds, United Kingdom"
436,Cabot Financial,51 to 200 Employees,null,Company - Public,,Less than $1 million (USD),3.6,,0.0,"Madrid, Spain"
437,IOM,5001 to 10000 Employees,1951,Nonprofit Organization,Federal Agencies,$25 to $50 million (USD),3.8, 2.9,3.8,"Lausanne, Switzerland"
438,Cambridge Analytica,51 to 200 Employees,null,Company - Private,,Less than $1 million (USD),3.2, 3.0,0.0,"Washington, DC"
439,LiveRamp,1001 to 5000 Employees,2005,Company - Public,Computer Hardware & Software,$100 to $500 million (USD),4.3, 3.0,4.6,"San Francisco, CA"
440,Digital Fineprint,1 to 50 Employees,2016,Company - Private,Enterprise Software & Network Solutions,Unknown / Non-Applicable,4.4, 3.0,,"London, United Kingdom"
441,Cambridge Cancer Genomics,1 to 50 Employees,2017,Company - Private,Biotech & Pharmaceuticals,Unknown / Non-Applicable,5.0,,,"Cambridge, United Kingdom"
442,Mayden,51 to 200 Employees,null,Company - Private,,Less than $1 million (USD),4.7,,0.0,"Bath, United Kingdom"
443,PassivSystems,,,,,,0.0, 3.0,0.0,
444,Machine Medicine Technologies,1 to 50 Employees,null,Company - Private,,Less than $1 million (USD),2.3,,,"London, United Kingdom"
445,Accelerant,1 to 50 Employees,null,Company - Private,Consulting,Less than $1 million (USD),4.2, 3.0,,"Lake Forest, CA"
446,Spixii,1 to 50 Employees,null,Company - Public,,Less than $1 million (USD),4.5,,,"London, United Kingdom"
447,Lancaster City Council,,,,,,0.0,,,
448,Resonate,51 to 200 Employees,2008,Company - Private,Advertising & Marketing,$10 to $25 million (USD),3.9, 3.2,4.0,"Reston, VA"
449,Health Economics and Outcomes Research,51 to 200 Employees,null,Company - Private,,Less than $1 million (USD),2.0,,,"Cardiff, United Kingdom"
450,John Doe,1 to 50 Employees,null,Company - Private,,Less than $1 million (USD),4.3, 2.5,4.1,"New York, NY"
451,Aire,1 to 50 Employees,2014,Company - Private,Computer Hardware & Software,Unknown / Non-Applicable,4.5, 3.1,0.0,"London, United Kingdom"
452,siHealth,1 to 50 Employees,null,Company - Private,,Less than $1 million (USD),1.0,,,"Didcot, United Kingdom"
453,Polymatica,51 to 200 Employees,2015,Company - Private,Enterprise Software & Network Solutions,$5 to $10 million (USD),3.0, 3.0,,"Moscow, Russia"
454,Ministère de l'Éducation nationale,1001 to 5000 Employees,null,Government,Federal Agencies,Less than $1 million (USD),3.0, 3.0,0.0,"PARIS, France"
455,Brainbow,1 to 50 Employees,null,Company - Private,Internet,Less than $1 million (USD),4.1,,,"Boca Raton, FL"
456,Clear AI,,,,,,0.0,,,
457,QA Media Ltd,Unknown,null,Company - Public,,Less than $1 million (USD),5.0,,,"London, United Kingdom"
458,Traydstream,1 to 50 Employees,null,Company - Private,,Less than $1 million (USD),3.7,,,"London, United Kingdom"
459,Outlook Energy,1 to 50 Employees,2016,Company - Private,Energy,$1 to $5 million (USD),5.0,,,"Bristol, United Kingdom"
460,Red Flag Alert,,,,,,0.0,,,
461,Adbrain,,,,,,4.8,,,
462,Earth-i,51 to 200 Employees,null,Company - Private,,Less than $1 million (USD),3.8,,,"Guildford, United Kingdom"
463,The Oakland Group,1 to 50 Employees,1985,Company - Private,Consulting,Unknown / Non-Applicable,5.0,,,"Leeds, United Kingdom"
464,Flight Data Services,1 to 50 Employees,2005,Company - Private,Aerospace & Defense,Less than $1 million (USD),5.0, 2.0,5.0,"Fareham, United Kingdom"
465,Mustard Systems,1 to 50 Employees,null,Company - Private,,Less than $1 million (USD),5.0, 3.0,,"London, United Kingdom"
466,iDataVision,1 to 50 Employees,null,Company - Private,,Less than $1 million (USD),5.0,,,"London, United Kingdom"
467,Shipamax,1 to 50 Employees,2016,Company - Private,Enterprise Software & Network Solutions,Unknown / Non-Applicable,3.0,,,"London, United Kingdom"
468,Rubble,1 to 50 Employees,null,Company - Private,,Less than $1 million (USD),5.0,,,"London, United Kingdom"
469,CarTrawler,201 to 500 Employees,2004,Company - Private,Internet,$500 million to $1 billion (USD),3.5, 2.8,0.0,"Dublin, Ireland"
470,Infobiz (United Kingdom),1 to 50 Employees,null,Company - Private,,Less than $1 million (USD),5.0,,,"London, United Kingdom"
471,CKM Analytix,51 to 200 Employees,2011,Company - Private,Consulting,$10 to $25 million (USD),2.7, 3.1,4.3,"New York, NY"
472,MetaVision Media,Unknown,2013,Company - Public,Advertising & Marketing,$500 million to $1 billion (USD),3.3,,2.0,"New York, NY"
473,Inside Talent,1 to 50 Employees,null,Company - Private,,Less than $1 million (USD),5.0,,,"Minneapolis, MN"
474,Repositive,,,,,,5.0,,,
475,Avid Media,1 to 50 Employees,null,Unknown,,Less than $1 million (USD),2.3,,0.0,"London, United Kingdom"
476,Portas Consulting,,,,,,0.0, 3.0,,
477,Contact Lens Gallery & Designer Eyewear,1 to 50 Employees,null,Company - Private,,Less than $1 million (USD),3.0,,,"Albuquerque, NM"
478,China Gezhouba Group,5001 to 10000 Employees,null,Company - Public,,Less than $1 million (USD),3.2, 3.0,,"Beijing, China"
479,OKRA Technologies,1 to 50 Employees,2015,Company - Private,,Less than $1 million (USD),4.0,,,"Cambridge, United Kingdom"
480,Jakarta,,,,,,,,,
481,Projecting Success,1 to 50 Employees,null,Company - Private,,Less than $1 million (USD),4.3,,,"Salisbury, United Kingdom"
482,Compare The Market (Australia),51 to 200 Employees,2012,Company - Private,,Less than $1 million (USD),2.9,,,"Toowong, Australia"
483,Data Burst,,,,,,0.0,,,
484,BOE,51 to 200 Employees,1961,Subsidiary or Business Segment,Consulting,$5 to $10 million (USD),3.9, 2.8,3.0,"Boise, ID"
485,wtl23,,,,,,,,,
486,Click Helps,,,,,,0.0,,,
487,UCHealth,10000+ Employees,2006,Hospital,Health Care Services & Hospitals,Unknown / Non-Applicable,3.8, 2.9,4.2,"Aurora, CO"
488,Steinfl & Bruno,1 to 50 Employees,2007,Company - Private,Legal,Less than $1 million (USD),3.6, 3.0,3.0,"Pasadena, CA"
489,Albclusclus LTD,,,,,,,,,
490,Yahu,,,,,,,,,
491,Sentinel Technologies,201 to 500 Employees,1982,Company - Private,IT Services,Unknown / Non-Applicable,3.8, 2.7,4.3,"Downers Grove, IL"
492,Soma Enterprise,5001 to 10000 Employees,1997,Company - Private,Construction,$100 to $500 million (USD),3.3, 2.6,0.0,"Hyderābād, India"
493,/,,,,,,,,,
494,Startup Network,1 to 50 Employees,null,Company - Private,,Less than $1 million (USD),5.0,,,"Catania, Italy"
495,Amplifi Capital,,,,,,0.0,,,
496,MRO,,,,,,5.0, 3.5,4.0,
497,IBM GBS,10000+ Employees,1911,Company - Public,IT Services,$10+ billion (USD),3.8, 2.8,3.6,"Armonk, NY"
498,LivingLens,,,,,,0.0,,,
499,JBA International,201 to 500 Employees,1988,Company - Private,Consulting,$25 to $50 million (USD),3.4, 2.2,4.0,"Pasadena, CA"
500,FB,,,,,,,,,
501,Graphnile,,,,,,4.4, 4.0,0.0,
502,SYNTASA,1 to 50 Employees,2014,Company - Private,Computer Hardware & Software,Unknown / Non-Applicable,4.7,,4.0,"Herndon, VA"
503,Mahesh Drugs,,,,,,,,,
504,Lectrefy,,,,,,,,,
505,GEOLYTIX,,,,,,0.0,,,
506,Buró de Crédito,,,,,,3.6,,0.0,
507,Lytt,,,,,,4.0,,,
508,RedOwl,,,,,,,,,
509,Casino YAK,,,,,,4.1, 1.0,0.0,
510,Otherlab,51 to 200 Employees,null,Company - Private,,Less than $1 million (USD),4.7,,,"San Francisco, CA"
511,Captur limited,,,,,,,,,
512,iDAS Global,,,,,,0.0,,,
513,Kantar (Worldpanel Division),5001 to 10000 Employees,1964,Company - Private,Advertising & Marketing,Unknown / Non-Applicable,3.9, 3.2,3.0,"London, United Kingdom"
514,Universal Music Group,,,,,,,,,
515,University of Cambridge,5001 to 10000 Employees,null,College / University,Colleges & Universities,$1 to $2 billion (USD),4.4, 3.1,3.0,"Cambridge, United Kingdom"
516,Cognizant Technology Solutions,10000+ Employees,1994,Company - Public,,$10+ billion (USD),3.7, 2.7,3.5,"Teaneck, NJ"
517,Fujitsu,10000+ Employees,1935,Company - Public,,$5 to $10 billion (USD),3.4, 2.8,3.6,"Tokyo, Japan"
518,EF Education First,10000+ Employees,1965,Company - Private,Education Training Services,Unknown / Non-Applicable,3.3, 2.7,3.9,"Cambridge, MA"
519,Wood Mackenzie,1001 to 5000 Employees,1923,Company - Private,Consulting,$100 to $500 million (USD),3.4, 3.2,4.4,"Edinburgh, United Kingdom"
520,PHD Worldwide,1001 to 5000 Employees,1990,Company - Private,Advertising & Marketing,$1 to $2 billion (USD),3.5, 2.5,4.0,"New York, NY"
521,The Pensions Regulator,201 to 500 Employees,null,Government,Social Assistance,$10 to $25 million (USD),2.5, 3.0,0.0,"Brighton, United Kingdom"
522,On the Beach,201 to 500 Employees,2004,Company - Public,Internet,$100 to $500 million (USD),4.2, 2.8,0.0,"Manchester City Centre, United Kingdom"
523,Scottish Water,1001 to 5000 Employees,2002,Government,Utilities,$500 million to $1 billion (USD),4.0, 3.1,0.0,"Dunfermline, United Kingdom"
524,Meltwater,1001 to 5000 Employees,2001,Company - Private,Advertising & Marketing,Unknown / Non-Applicable,3.4, 3.1,3.8,"San Francisco, CA"
525,Hailo,201 to 500 Employees,2011,Company - Private,Computer Hardware & Software,Unknown / Non-Applicable,3.6, 2.5,0.0,"London, United Kingdom"
526,Liaison Group,201 to 500 Employees,1988,Company - Private,Consulting,$25 to $50 million (USD),4.6, 3.0,0.0,"Worcester, United Kingdom"
527,Glassdoor,501 to 1000 Employees,2007,Company - Private,Internet,Unknown / Non-Applicable,3.7, 3.1,4.5,"Mill Valley, CA"
528,McDermott,10000+ Employees,1923,Company - Public,Energy,$5 to $10 billion (USD),3.6, 2.7,3.5,"Houston, TX"
529,The Christie NHS Foundation Trust,1001 to 5000 Employees,null,Hospital,Health Care Services & Hospitals,Less than $1 million (USD),3.4, 3.0,0.0,"Manchester, United Kingdom"
530,Quantcast,501 to 1000 Employees,2006,Company - Private,Internet,Unknown / Non-Applicable,3.7, 3.2,4.1,"San Francisco, CA"
531,Digital Shadows,51 to 200 Employees,2011,Company - Private,Enterprise Software & Network Solutions,$10 to $25 million (USD),3.2, 2.7,4.5,"San Francisco, CA"
532,Aquila Insight,201 to 500 Employees,null,Company - Private,Consulting,Unknown / Non-Applicable,4.6, 2.0,,"Edinburgh, United Kingdom"
533,REalyse,1 to 50 Employees,2016,Company - Private,Internet,Unknown / Non-Applicable,4.9, 2.5,,"London, United Kingdom"
534,HealthUnlocked,1 to 50 Employees,2010,Company - Private,Computer Hardware & Software,Unknown / Non-Applicable,4.6, 1.0,,"London, United Kingdom"
535,Green Running,,,,,,0.0,,,
536,Fractal (United Kingdom),1 to 50 Employees,2014,Company - Private,Enterprise Software & Network Solutions,Unknown / Non-Applicable,5.0, 2.0,,"London, United Kingdom"
537,The Reach Group,1 to 50 Employees,2002,Company - Private,Advertising & Marketing,$1 to $5 million (USD),0.0,,,"Berlin, Germany"
538,Jearni,,,,,,0.0,,,
539,Snap (UK),,,,,,0.0,,,
540,Qbiz,1 to 50 Employees,2015,Company - Private,Consulting,Unknown / Non-Applicable,5.0, 3.0,,"San Francisco, CA"
541,data science incorporated,,,,,,,,,
542,Thales,10000+ Employees,2000,Company - Public,Aerospace & Defense,$10+ billion (USD),3.2, 2.7,4.1,"Nanterre, France"
543,Mercer,10000+ Employees,1945,Subsidiary or Business Segment,Consulting,$2 to $5 billion (USD),3.6, 2.9,3.7,"New York, NY"
544,University of Newcastle (UK),1001 to 5000 Employees,1963,College / University,Colleges & Universities,$500 million to $1 billion (USD),4.2, 2.6,0.0,"Newcastle, United Kingdom"
545,Domestic & General Group,1001 to 5000 Employees,1912,Company - Private,Insurance Carriers,Unknown / Non-Applicable,3.5, 2.7,0.0,"Wimbledon, United Kingdom"
546,MediaCom,5001 to 10000 Employees,null,Company - Private,Advertising & Marketing,$10 to $25 million (USD),3.5, 2.6,3.5,"New York, NY"
547,Essence,1001 to 5000 Employees,2005,Company - Public,Advertising & Marketing,$2 to $5 billion (USD),3.2, 2.9,4.5,"San Francisco, CA"
548,Avis Budget Group,10000+ Employees,1954,Company - Public,Car Rental,$5 to $10 billion (USD),3.3, 2.4,3.5,"Parsippany, NJ"
549,Collinson,1001 to 5000 Employees,1990,Company - Private,Membership Organizations,$1 to $2 billion (USD),3.5, 2.7,4.0,"London, United Kingdom"
550,Efficio,201 to 500 Employees,2000,Company - Private,Consulting,$50 to $100 million (USD),4.3, 3.2,0.0,"London, United Kingdom"
551,Clyde & Co,1001 to 5000 Employees,null,Other Organization,Legal,$100 to $500 million (USD),3.5, 3.0,4.8,"London, United Kingdom"
552,Reply,5001 to 10000 Employees,1996,Company - Public,IT Services,$1 to $2 billion (USD),3.7, 2.3,2.5,"Turin, Italy"
553,Vocalink,501 to 1000 Employees,2007,Company - Private,Financial Transaction Processing,$100 to $500 million (USD),3.3, 2.8,0.0,"London, United Kingdom"
554,The National Crime Agency,501 to 1000 Employees,2013,Unknown,,$10 to $25 million (USD),3.1, 3.8,0.0,"London, United Kingdom"
555,Gocompare,51 to 200 Employees,2006,Company - Public,Internet,$25 to $50 million (USD),3.5, 3.4,0.0,"Newport, United Kingdom"
556,The Specialist Works,51 to 200 Employees,2003,Company - Private,Advertising & Marketing,$100 to $500 million (USD),4.1, 3.0,0.0,"London, United Kingdom"
557,Blenheim Chalcot,51 to 200 Employees,1998,Company - Private,Venture Capital & Private Equity,Unknown / Non-Applicable,3.8, 3.2,0.0,"London, United Kingdom"
558,Brady plc,201 to 500 Employees,1985,Company - Public,Enterprise Software & Network Solutions,$25 to $50 million (USD),2.7, 2.8,1.0,"Cambridge, United Kingdom"
559,Behavioural Insights Team,51 to 200 Employees,2014,Company - Private,Federal Agencies,Unknown / Non-Applicable,4.1, 3.6,,"London, United Kingdom"
560,Barings,1001 to 5000 Employees,2016,Company - Private,Investment Banking & Asset Management,$10+ billion (USD),3.8, 2.8,4.4,"Charlotte, NC"
561,XYZ,1 to 50 Employees,2014,Company - Private,Computer Hardware & Software,Unknown / Non-Applicable,3.9, 2.8,3.3,"Santa Monica, CA"
562,MYJAR,201 to 500 Employees,2008,Company - Private,Lending,Unknown / Non-Applicable,3.7, 2.0,0.0,"London, United Kingdom"
563,Intent HQ,1 to 50 Employees,null,Company - Private,Enterprise Software & Network Solutions,$1 to $5 million (USD),4.5, 3.5,0.0,"London, United Kingdom"
564,Methods Analytics,1 to 50 Employees,null,Company - Private,,Less than $1 million (USD),2.0,,,"London, United Kingdom"
565,Measurelab,1 to 50 Employees,2013,Unknown,Internet,Unknown / Non-Applicable,5.0,,,"Lewes, United Kingdom"
566,EMPLOYERS,501 to 1000 Employees,1913,Company - Public,Insurance Carriers,$500 million to $1 billion (USD),4.6, 2.8,3.7,"Reno, NV"
567,TSB Bank,5001 to 10000 Employees,2013,Company - Private,Banks & Credit Unions,Unknown / Non-Applicable,3.4, 2.8,0.0,"Edinburgh, United Kingdom"
568,Dyson,10000+ Employees,1993,Company - Private,Electrical & Electronic Manufacturing,$100 to $500 million (USD),2.8, 3.0,3.5,"Singapore, Singapore"
569,AKQA,1001 to 5000 Employees,1994,Company - Public,Advertising & Marketing,$100 to $500 million (USD),3.8, 2.6,3.3,"London, United Kingdom"
570,Holiday Extras,501 to 1000 Employees,1983,Company - Private,Travel Agencies,$100 to $500 million (USD),5.0, 2.8,0.0,"Hythe, United Kingdom"
571,MATCHESFASHION,501 to 1000 Employees,1987,Company - Private,"Department, Clothing, & Shoe Stores",$50 to $100 million (USD),2.7, 2.6,0.0,"London, United Kingdom"
572,Perspectum Diagnostics,51 to 200 Employees,2012,Company - Private,Biotech & Pharmaceuticals,Unknown / Non-Applicable,4.6, 3.0,0.0,"Oxford, United Kingdom"
573,FlightGlobal,201 to 500 Employees,null,Company - Public,,Less than $1 million (USD),2.6, 2.0,2.0,"London, United Kingdom"
574,The Department for Education (UK),5001 to 10000 Employees,1992,Government,Federal Agencies,Unknown / Non-Applicable,4.2, 2.9,0.0,"London, United Kingdom"
575,Preqin,201 to 500 Employees,2003,Company - Private,Research & Development,$100 to $500 million (USD),4.3, 2.5,4.8,"London, United Kingdom"
576,Dataiku,201 to 500 Employees,2013,Company - Private,Computer Hardware & Software,$25 to $50 million (USD),4.9, 2.8,3.5,"New York, NY"
577,Together Networks,201 to 500 Employees,null,Company - Private,Internet,Less than $1 million (USD),4.0,,,
578,World Association of Nuclear Operators,,,,,,5.0,,,
579,SITA,1001 to 5000 Employees,1949,Company - Private,IT Services,$1 to $2 billion (USD),3.9, 2.9,4.2,"Geneva, Switzerland"
580,Scene Connect,,,,,,0.0,,,
581,Wipro,10000+ Employees,1945,Company - Public,IT Services,$5 to $10 billion (USD),3.2, 2.8,3.1,"Bangalore, India"
582,Lancaster University,1001 to 5000 Employees,null,College / University,Colleges & Universities,Less than $1 million (USD),4.5, 2.3,0.0,"Lancaster, United Kingdom"
583,Virtual Clarity,51 to 200 Employees,2008,Company - Private,IT Services,Unknown / Non-Applicable,3.2,,,"London, United Kingdom"
584,Big Data Scientists,,,,,,4.5, 3.0,,
585,Morsum,51 to 200 Employees,null,Company - Private,,Less than $1 million (USD),3.0,,,"New York, NY"
586,Fruugo,51 to 200 Employees,2006,Company - Private,Internet,Unknown / Non-Applicable,5.0,,,"Ulverston, United Kingdom"
587,BP,10000+ Employees,1908,Company - Public,Oil & Gas Exploration & Production,$10+ billion (USD),3.9, 3.1,4.3,"London, United Kingdom"
588,Aimia,201 to 500 Employees,2011,Company - Public,Advertising & Marketing,$2 to $5 billion (USD),3.4, 2.7,3.5,"Montreal, Canada"
589,World Programming,51 to 200 Employees,2000,Company - Private,Computer Hardware & Software,Unknown / Non-Applicable,3.4,,0.0,"Romsey, United Kingdom"
590,Allscripts,5001 to 10000 Employees,1986,Company - Public,Computer Hardware & Software,$1 to $2 billion (USD),3.5, 2.9,3.5,"Chicago, IL"
591,Matthew West Analytics,,,,,,,,,
592,Ericsson-Worldwide,10000+ Employees,1876,Company - Public,Telecommunications Services,$10+ billion (USD),3.9, 2.9,4.3,"Stockholm, Sweden"
593,Avios,501 to 1000 Employees,2011,Company - Private,Airlines,Unknown / Non-Applicable,3.2, 2.8,0.0,"Heathrow, United Kingdom"
594,Frazer-Nash Consultancy,501 to 1000 Employees,1971,Company - Private,Architectural & Engineering Services,$50 to $100 million (USD),3.7, 2.9,0.0,"Dorking, United Kingdom"
595,ERS,501 to 1000 Employees,1946,Company - Public,Insurance Agencies & Brokerages,$50 to $100 million (USD),3.4, 3.0,2.0,"London, United Kingdom"
596,Bosch,10000+ Employees,1886,Company - Private,Miscellaneous Manufacturing,$10+ billion (USD),4.1, 2.8,3.9,"Farmington Hills, MI"
597,Liberty Mutual Insurance,10000+ Employees,1912,Company - Private,Insurance Carriers,$10+ billion (USD),3.6, 2.9,4.0,"Boston, MA"
598,Software AG Germany,5001 to 10000 Employees,1969,Company - Public,Computer Hardware & Software,$500 million to $1 billion (USD),3.9, 3.0,3.9,"Darmstadt, Germany"
599,FNZ,1001 to 5000 Employees,2004,Company - Private,Financial Transaction Processing,Unknown / Non-Applicable,4.0, 2.9,0.0,"Edinburgh, United Kingdom"
600,Kami Intelligence,1 to 50 Employees,2015,Company - Private,,Less than $1 million (USD),3.9,,,"London, United Kingdom"
601,Skipton Building Society,1001 to 5000 Employees,1853,Company - Private,Lending,$500 million to $1 billion (USD),4.3, 2.8,0.0,"Skipton, United Kingdom"
602,William Hill,10000+ Employees,1934,Company - Public,Gambling,$2 to $5 billion (USD),2.9, 2.4,3.0,"London, United Kingdom"
603,CarFinance247,501 to 1000 Employees,2006,Company - Private,Brokerage Services,Unknown / Non-Applicable,3.2, 3.1,0.0,"Manchester, United Kingdom"
604,Adecco Group,10000+ Employees,null,Company - Public,Staffing & Outsourcing,$10+ billion (USD),3.7, 2.5,3.4,"Zürich, Switzerland"
605,Liberis,51 to 200 Employees,2007,Company - Private,Lending,Unknown / Non-Applicable,4.5, 3.0,0.0,"London, United Kingdom"
606,BGL HK,51 to 200 Employees,2013,Company - Private,Internet,Unknown / Non-Applicable,2.6,,,"Hong Kong, Hong Kong"
607,Unbound (UK),,,,,,0.0,,,
608,--,,,,,,,,,
609,Abc,Unknown,null,Company - Public,,Less than $1 million (USD),3.4, 2.5,3.7,"Florence, Italy"
