,company,position,salary,lower_bound_salary,upper_bound_salary,base_pay,bonus_pay,cash_bonus,stock_bonus
0,First Derivatives,Data Scientist,"£20,413/yr",£19K,£23K,"£20,413",No Reports,,
1,Deliveroo,Data Scientist,"£63,766/yr",£38K,£130K,"£63,766",No Reports,,
2,Barclays,Data Scientist,"£53,239/yr",£40K,£77K,"£53,239","£3,201","£3,201",
3,Lloyds Banking Group,Data Scientist,"£59,205/yr",£20K,£105K,"£59,205","£7,993","£7,993","£3,022"
4,THG,Data Scientist,"£41,693/yr",£35K,£51K,"£41,693","£3,604","£3,604",
5,NatWest Group,Data Scientist,"£59,834/yr",£33K,£97K,"£59,834","£2,024","£2,024",
6,Tesco,Data Scientist,"£48,298/yr",£43K,£60K,"£48,298",No Reports,,
7,QuantumBlack,Data Scientist,"£61,944/yr",£51K,£73K,"£61,944","£5,989","£5,989",
8,J Sainsbury,Data Scientist,"£41,392/yr",£32K,£48K,"£41,392","£1,318","£1,318",
9,PwC,Data Scientist,"£44,183/yr",£27K,£55K,"£44,183","£2,032","£2,032",
10,HSBC Holdings,Data Scientist,"£51,403/yr",£40K,£70K,"£51,403","£5,000","£5,000",
11,Vodafone,Data Scientist,"£59,391/yr",£31K,£67K,"£59,391","£5,911","£5,911",
12,Capgemini,Data Scientist,"£56,484/yr",£25K,£63K,"£56,484",No Reports,,
13,IQVIA,Data Scientist,"£57,559/yr",£33K,£77K,"£57,559","£6,592","£6,592",
14,Facebook,Data Scientist,"£84,887/yr",£68K,£101K,"£84,887","£7,686","£7,686","£39,853"
15,Admiral Group,Data Scientist,"£28,035/yr",£19K,£30K,"£28,035","£1,086","£1,086","£2,672"
16,Mango Solutions,Data Scientist,"£42,511/yr",£39K,£50K,"£42,511","£1,005","£1,005",
17,Faculty,Data Scientist,"£60,068/yr",£51K,£65K,"£60,068",No Reports,,
18,Deloitte,Data Scientist,"£39,927/yr",£33K,£42K,"£39,927",£203,£203,
19,BBC,Data Scientist,"£42,156/yr",£34K,£52K,"£42,156",No Reports,,
20,Unilever,Data Scientist,"£39,800/yr",£38K,£60K,"£39,800","£3,592","£3,592",
21,BAE Systems Applied Intelligence,Data Scientist,"£44,435/yr",£41K,£54K,"£44,435","£3,233","£3,233",£475
22,Ocado Group,Data Scientist,"£41,193/yr",£36K,£45K,"£41,193",No Reports,,
23,easyJet,Data Scientist,"£55,898/yr",£55K,£60K,"£55,898","£5,593","£5,593",
24,dunnhumby,Data Scientist,"£53,664/yr",£41K,£95K,"£53,664","£4,849","£4,849",
25,iwoca,Data Scientist,"£59,561/yr",£45K,£72K,"£59,561",No Reports,,
26,Peak (UK),Data Scientist,"£33,875/yr",£30K,£50K,"£33,875",£996,£996,"£1,985"
27,Department for Work And Pensions,Data Scientist,"£43,329/yr",£29K,£56K,"£43,329",£500,£500,
28,IBM,Data Scientist,"£48,483/yr",£45K,£52K,"£48,483",No Reports,,
29,Capita,Data Scientist,"£42,727/yr",£37K,£46K,"£42,727",No Reports,,
30,Santander,Data Scientist,"£60,078/yr",£50K,£83K,"£60,078","£3,023","£3,023","£7,052"
31,Centrica,Data Scientist,"£45,606/yr",£40K,£54K,"£45,606","£3,167","£3,167",
32,TUI Group,Data Scientist,"£42,523/yr",£29K,£54K,"£42,523","£2,002","£2,002",
33,Tesco Bank,Data Scientist,"£46,686/yr",£43K,£48K,"£46,686","£5,547","£5,547",
34,Babylon Health,Data Scientist,"£49,858/yr",£45K,£75K,"£49,858",No Reports,,
35,Moneysupermarket Group,Data Scientist,"£38,062/yr",£31K,£43K,"£38,062","£6,352","£6,352",
36,King,Data Scientist,"£51,709/yr",£44K,£60K,"£51,709","£7,630","£7,010","£8,754"
37,Zopa,Data Scientist,"£49,817/yr",£43K,£60K,"£49,817",No Reports,,
38,Toumetis,Data Scientist,"£40,463/yr",£30K,£61K,"£40,463",No Reports,,
39,Pairview,Data Scientist,"£42,573/yr",£35K,£45K,,,,
40,Amazon,Data Scientist,"£75,130/yr",£35K,£100K,"£75,130",No Reports,,
41,J.P. Morgan,Data Scientist,"£71,330/yr",£25K,£91K,,,,
42,BT,Data Scientist,"£40,000/yr",£39K,£56K,"£40,000","£1,005","£1,005",
43,Sky,Data Scientist,"£52,452/yr",£47K,£73K,"£52,452","£4,196","£4,196",
44,Bloomberg L.P.,Data Scientist,"£69,744/yr",£51K,£78K,"£69,744","£3,993","£3,993",
45,Microsoft,Data Scientist,"£56,256/yr",£52K,£70K,"£56,256","£13,137","£13,137","£7,726"
46,Google,Data Scientist,"£73,315/yr",£52K,£75K,"£73,315","£15,859","£15,859","£45,042"
47,Aviva,Data Scientist,"£29,890/yr",£25K,£71K,"£29,890",£499,£499,
48,AstraZeneca,Data Scientist,"£50,797/yr",£42K,£71K,"£50,797",No Reports,,
49,Experian,Data Scientist,"£61,944/yr",£61K,£65K,"£61,944","£1,032","£1,032",
50,McLaren Group,Data Scientist,"£47,956/yr",£47K,£52K,"£47,956","£1,998","£1,998",
51,BGL Group,Data Scientist,"£48,110/yr",£36K,£55K,"£48,110","£2,587","£4,811",£364
52,IG,Data Scientist,"£45,039/yr",£42K,£55K,"£45,039","£4,031","£4,031",
53,Elsevier,Data Scientist,"£73,861/yr",£54K,£99K,"£73,861","£7,955","£7,955","£9,345"
54,PlayStation,Data Scientist,"£51,916/yr",£50K,£901K,"£51,916","£8,307","£8,307",
55,Revolut,Data Scientist,"£70,260/yr",£65K,£78K,"£70,260",No Reports,,"£10,019"
56,Funding Circle,Data Scientist,"£50,047/yr",£45K,£100K,"£50,047",No Reports,,£858
57,Rank Group,Data Scientist,"£47,731/yr",£28K,£57K,"£47,731",No Reports,,
58,carwow,Data Scientist,"£52,242/yr",£51K,£64K,"£52,242",No Reports,,"£1,013"
59,Brandwatch,Data Scientist,"£42,590/yr",£36K,£46K,"£42,590",No Reports,,
60,Black Swan Data,Data Scientist,"£64,941/yr",£55K,£68K,"£64,941",No Reports,,
61,Tessella,Data Scientist,"£31,421/yr",£31K,£35K,"£31,421",No Reports,,
62,Signal AI,Data Scientist,"£48,811/yr",£47K,£72K,"£48,811",No Reports,,
63,LoopMe,Data Scientist,"£39,921/yr",£40K,£50K,"£39,921","£4,597","£4,597","£5,005"
64,Imagini Holdings,Data Scientist,"£47,918/yr",£46K,£65K,"£47,918",No Reports,,
65,Advizzo,Data Scientist,"£39,474/yr",£39K,£40K,"£39,474",No Reports,,
66,causaLens,Data Scientist,"£36,167/yr",£30K,£40K,"£36,167",No Reports,,
67,NHS,Data Scientist,£28K - £39K,£28K,£39K,£28K - £39K,£28K - £39K,,
68,KPMG,Data Scientist,£48K - £62K,£48K,£62K,£48K - £63K,£48K - £63K,£952 - £1K,
69,ASDA,Data Scientist,£26K - £34K,£26K,£34K,£27K - £34K,£27K - £34K,,
70,John Lewis & Partners,Data Scientist,£46K - £50K,£46K,£50K,£46K - £50K,£46K - £50K,,
71,Deutsche Bank,Data Scientist,£61K - £81K,£61K,£81K,£60K - £81K,£60K - £81K,£5K - £5K,
72,Co-op,Data Scientist,£26K - £29K,£26K,£29K,£26K - £29K,£26K - £29K,,
73,Royal Mail,Data Scientist,£46K - £84K,£46K,£84K,£46K - £83K,£46K - £83K,£10 - £2K,£5K - £6K
74,Virgin Media,Data Scientist,£41K - £60K,£41K,£60K,£41K - £61K,£41K - £61K,£8K - £9K,
75,Communities & Local Government,Data Scientist,£27K - £32K,£27K,£32K,£28K - £32K,£28K - £32K,,
76,Cisco Systems,Data Scientist,£42K - £49K,£42K,£49K,£42K - £49K,£42K - £49K,£4K - £13K,£24K - £26K
77,BAE Systems UK,Data Scientist,£34K - £72K,£34K,£72K,£34K - £73K,£34K - £73K,,
78,Shell,Data Scientist,£55K - £83K,£55K,£83K,£55K - £83K,£55K - £83K,£10K - £10K,
79,SSE,Data Scientist - Hourly Contractor,£57 - £63hourly,£57,£63,,,,
80,Expedia Group,Data Scientist,£54K - £68K,£54K,£68K,£54K - £68K,£54K - £68K,£7K - £7K,£7K - £7K
81,Facebook,Data Scientist - Monthly Intern,£4K - £5K,£4K,£5K,,,,
82,EDF,Data Scientist,£34K - £47K,£34K,£47K,£34K - £47K,£34K - £47K,,
83,University of Glasgow,Data Scientist,£31K - £52K,£31K,£52K,£31K - £52K,£31K - £52K,,
84,Bank of England,Data Scientist,£61K - £79K,£61K,£79K,£61K - £78K,£61K - £78K,,£3K - £3K
85,Defence Science and Technology Laboratory,Data Scientist,£22K - £35K,£22K,£35K,£23K - £35K,£23K - £35K,,
86,The British Library,Data Scientist,£32K - £38K,£32K,£38K,£32K - £38K,£32K - £38K,,
87,Home Office,Data Scientist,£33K - £39K,£33K,£39K,£33K - £39K,£33K - £39K,,
88,Skyscanner,Data Scientist,£38K - £72K,£38K,£72K,£39K - £72K,£39K - £72K,£38K - £41K,
89,Bulb,Data Scientist,£35K - £114K,£35K,£114K,£35K - £114K,£35K - £114K,£3K - £4K,
90,The Very Group,Data Scientist,£37K - £55K,£37K,£55K,£37K - £55K,£37K - £55K,£3K - £3K,
91,Ocado Technology,Data Scientist,£41K - £55K,£41K,£55K,£41K - £56K,£41K - £56K,,
92,Cooper Lomaz,Data Scientist,£36K - £63K,£36K,£63K,£37K - £62K,£37K - £62K,,
93,ScottishPower,Data Scientist,£34K - £42K,£34K,£42K,£34K - £42K,£34K - £42K,£3K - £3K,
94,Avon,Data Scientist,£45K - £49K,£45K,£49K,£45K - £49K,£45K - £49K,£4K - £4K,
95,Reed Business Information,Data Scientist,£38K - £42K,£38K,£42K,£37K - £41K,£37K - £41K,,
96,FARFETCH,Data Scientist,£46K - £68K,£46K,£68K,£46K - £69K,£46K - £69K,£957 - £1K,£5K - £5K
97,Abcam,Data Scientist,£40K - £47K,£40K,£47K,£40K - £47K,£40K - £47K,,
98,Kubrick Group,Data Scientist,£30K - £34K,£30K,£34K,£30K - £34K,£30K - £34K,£7K - £8K,
99,DAZN,Data Scientist,£43K - £47K,£43K,£47K,£43K - £47K,£43K - £47K,,
100,Qubit,Data Scientist,£56K - £63K,£56K,£63K,£55K - £62K,£55K - £62K,£15 - £16,
101,Hitachi Rail,Data Scientist,£22K - £24K,£22K,£24K,£22K - £24K,£22K - £24K,,
102,The Institution of Engineering and Technology,Data Scientist,£30K - £39K,£30K,£39K,£30K - £39K,£30K - £39K,,
103,GroupM,Data Scientist,£43K - £73K,£43K,£73K,£44K - £73K,£44K - £73K,,
104,ICIS,Data Scientist,£34K - £39K,£34K,£39K,£34K - £40K,£34K - £40K,,
105,Smarkets,Data Scientist,£48K - £78K,£48K,£78K,£48K - £77K,£48K - £77K,,
106,Agilent Technologies,Data Scientist,£39K - £43K,£39K,£43K,£39K - £43K,£39K - £43K,£4 - £2K,£10 - £1K
107,Valtech,Data Scientist,£51K - £66K,£51K,£66K,£51K - £65K,£51K - £65K,£1K - £6K,
108,Liberty Global,Data Scientist,£43K - £51K,£43K,£51K,£43K - £51K,£43K - £51K,,
109,Product Madness,Data Scientist,£30K - £52K,£30K,£52K,£30K - £52K,£30K - £52K,,
110,Mudano,Data Scientist,£48K - £74K,£48K,£74K,£48K - £73K,£48K - £73K,,
111,Summit,Data Scientist,£43K - £47K,£43K,£47K,£42K - £47K,£42K - £47K,,
112,Skimlinks,Data Scientist,£55K - £61K,£55K,£61K,£54K - £61K,£54K - £61K,£2K - £2K,
113,QuantumBlack,Data Scientist - Intern,£39K - £53K,£39K,£53K,,,,
114,Quantexa,Data Scientist,£19K - £97K,£19K,£97K,£20K - £97K,£20K - £97K,£9K - £10K,
115,RES,Data Scientist,£31K - £37K,£31K,£37K,£31K - £37K,£31K - £37K,£7K - £7K,
116,Drover ,Data Scientist,£33K - £44K,£33K,£44K,£33K - £44K,£33K - £44K,,
117,Owlstone Medical,Data Scientist,£27K - £36K,£27K,£36K,£27K - £37K,£27K - £37K,,
118,Football Radar,Data Scientist,£46K - £50K,£46K,£50K,£46K - £50K,£46K - £50K,,
119,Pusher,Data Scientist,£43K - £47K,£43K,£47K,£43K - £46K,£43K - £46K,,
120,Profusion,Data Scientist,£33K - £41K,£33K,£41K,£33K - £42K,£33K - £42K,£2 - £2,
121,BenevolentAI,Data Scientist,£57K - £67K,£57K,£67K,£57K - £66K,£57K - £66K,,
122,Aridhia Informatics,Data Scientist,£29K - £32K,£29K,£32K,£28K - £31K,£28K - £31K,,
123,Featurespace,Data Scientist,£46K - £57K,£46K,£57K,£47K - £57K,£47K - £57K,,
124,Annalect,Data Scientist,£49K - £59K,£49K,£59K,£50K - £59K,£50K - £59K,,
125,eRevalue,Data Scientist,£14K - £30K,£14K,£30K,£14K - £30K,£14K - £30K,,
126,Phrasee,Data Scientist,£42K - £47K,£42K,£47K,£43K - £46K,£43K - £46K,,
127,Thatcham Research,Data Scientist,£27K - £29K,£27K,£29K,£27K - £29K,£27K - £29K,,
128,Logically,Data Scientist,£37K - £54K,£37K,£54K,£37K - £54K,£37K - £54K,£3K - £3K,
129,Pivigo,Data Scientist,£43K - £52K,£43K,£52K,£43K - £52K,£43K - £52K,,
130,Clear Returns,Data Scientist,£26K - £34K,£26K,£34K,£26K - £34K,£26K - £34K,,
131,AlignAlytics,Data Scientist - Intern,£21K - £23K,£21K,£23K,,,,
132,Satavia,Data Scientist,£27K - £31K,£27K,£31K,£27K - £31K,£27K - £31K,£956 - £1K,
133,Coremetrix,Data Scientist,£46K - £59K,£46K,£59K,,,,
134,Spectra Analytics,Data Scientist - Monthly Intern,£1K - £2K,£1K,£2K,,,,
135,HARNESS Property Intelligence,Data Scientist,£63K - £78K,£63K,£78K,£63K - £78K,£63K - £78K,,
136,Her Majesty's Revenue & Customs,Data Scientist,£58K - £64K,£58K,£64K,£49K - £53K,£49K - £53K,,
137,Her Majesty's Revenue & Customs,Data Scientist,£49K - £53K,£49K,£53K,£49K - £53K,£49K - £53K,,
138,Tesco,Data Scientist - Monthly Contractor,£10K - £11K,£10K,£11K,,,,
139,EY,Data Scientist,£46K - £51K,£46K,£51K,£47K - £50K,£47K - £50K,,
140,NHS,Data Scientist - Intern,£19K - £21K,£19K,£21K,,,,
141,NHS,Data Scientist - Contractor,£35K - £37K,£35K,£37K,,,,
142,Accenture,Data Scientist,£51K - £55K,£51K,£55K,£52K - £56K,£52K - £56K,,
143,Lloyds Banking Group,Data Scientist - Hourly Contractor,£55 - £60hourly,£55,£60,,,,
144,HSBC Holdings,Data Scientist - Hourly Contractor,£20 - £22hourly,£20,£22,,,,
145,BT,Data Scientist - Hourly Contractor,£52 - £56hourly,£52,£56,,,,
146,Dixons Carphone,Data Scientist - Contractor,£115K - £123K,£115K,£123K,,,,
147,Jaguar Land Rover,Data Scientist,£46K - £49K,£46K,£49K,£45K - £50K,£45K - £50K,£3K - £3K,
148,Imperial College London,Data Scientist,£37K - £40K,£37K,£40K,£37K - £40K,£37K - £40K,,
149,Goldman Sachs,Data Scientist,£58K - £63K,£58K,£63K,£58K - £62K,£58K - £62K,£43K - £46K,
150,GlaxoSmithKline,Data Scientist - Contractor,£32K - £34K,£32K,£34K,,,,
151,GlaxoSmithKline,Data Scientist,£51K - £56K,£51K,£56K,£51K - £56K,£51K - £56K,£6K - £6K,
152,UBS,Data Scientist,£44K - £47K,£44K,£47K,£44K - £47K,£44K - £47K,,
153,British Airways,Data Scientist,£23K - £25K,£23K,£25K,£23K - £25K,£23K - £25K,,
154,Rolls-Royce,Data Scientist,£31K - £33K,£31K,£33K,£31K - £33K,£31K - £33K,,£1K - £2K
155,University College London,Data Scientist,£53K - £57K,£53K,£57K,£52K - £57K,£52K - £57K,,
156,Oxford University,Data Scientist,£38K - £41K,£38K,£41K,£38K - £41K,£38K - £41K,,
157,Argos,Data Scientist,£76K - £83K,£76K,£83K,£78K - £84K,£78K - £84K,£2K - £2K,
158,Microsoft,Data Scientist - Contractor,£101K - £110K,£101K,£110K,,,,
159,Credit Suisse,Data Scientist,£49K - £53K,£49K,£53K,£49K - £52K,£49K - £52K,,
160,Booking.com,Data Scientist,£43K - £47K,£43K,£47K,£43K - £47K,£43K - £47K,,
161,Ministry of Justice UK,Data Scientist,£33K - £35K,£33K,£35K,£32K - £36K,£32K - £36K,,
162,ASOS,Data Scientist,£60K - £65K,£60K,£65K,£59K - £65K,£59K - £65K,£6K - £7K,
163,British Gas,Data Scientist,£52K - £56K,£52K,£56K,£52K - £56K,£52K - £56K,,
164,PA Consulting,Data Scientist,£49K - £54K,£49K,£54K,£49K - £54K,£49K - £54K,£4K - £4K,
165,University of Manchester,Data Scientist,£30K - £32K,£30K,£32K,£29K - £32K,£29K - £32K,,
166,Arup,Data Scientist,£53K - £57K,£53K,£57K,£2K - £2K,£2K - £2K,,
167,Arup,Data Scientist - Monthly Intern,£2K - £2K,£2K,£2K,,,,
168,Transport for London,Data Scientist,£52K - £57K,£52K,£57K,£52K - £56K,£52K - £56K,,
169,University of Edinburgh,Data Scientist - Contractor,£38K - £41K,£38K,£41K,,,,
170,University of Edinburgh,Data Scientist,£40K - £44K,£40K,£44K,£41K - £44K,£41K - £44K,,
171,DXC Technology,Data Scientist,£47K - £52K,£47K,£52K,£47K - £51K,£47K - £51K,,
172,Hewlett Packard Enterprise | HPE,Data Scientist,£72K - £78K,£72K,£78K,£72K - £79K,£72K - £79K,£2K - £2K,
173,Sage,Data Scientist,£49K - £52K,£49K,£52K,£49K - £53K,£49K - £53K,,
174,Shell,Data Scientist - Hourly Contractor,£68 - £73hourly,£68,£73,,,,
175,Tata Consultancy Services,Data Scientist,£41K - £45K,£41K,£45K,£42K - £45K,£42K - £45K,,
176,Ordnance Survey,Data Scientist,£32K - £35K,£32K,£35K,£32K - £34K,£32K - £34K,,
177,Direct Line Group,Data Scientist,£67K - £72K,£67K,£72K,£66K - £73K,£66K - £73K,,
178,THG,Data Scientist - Intern,£29K - £31K,£29K,£31K,,,,
179,FCA,Data Scientist,£39K - £42K,£39K,£42K,£38K - £42K,£38K - £42K,£4K - £4K,
180,SSE,Data Scientist,£45K - £49K,£45K,£49K,£57 - £63,£57 - £63,,
181,CGI,Data Scientist,£52K - £57K,£52K,£57K,£53K - £57K,£53K - £57K,,£2K - £2K
182,Pearson,Data Scientist - Monthly Intern,£1K - £2K,£1K,£2K,,,,
183,IQVIA,Data Scientist - Intern,£23K - £25K,£23K,£25K,,,,
184,University of Bristol,Data Scientist,£35K - £38K,£35K,£38K,£34K - £38K,£34K - £38K,,
185,Amey,Data Scientist,£39K - £41K,£39K,£41K,£39K - £42K,£39K - £42K,,
186,Sainsbury’s,Data Scientist,£38K - £42K,£38K,£42K,£38K - £42K,£38K - £42K,,
187,University of Leeds,Data Scientist - Monthly Intern,£959 - £1K,£959,£1K,,,,
188,University of Leeds,Data Scientist - Intern,£20K - £22K,£20K,£22K,,,,
189,RB,Data Scientist,£18K - £20K,£18K,£20K,£18K - £20K,£18K - £20K,,
190,Aon,Data Scientist,£57K - £62K,£57K,£62K,£57K - £61K,£57K - £61K,£5K - £6K,
191,Nomura Holdings,Data Scientist - Monthly,£5K - £5K,£5K,£5K,£5K - £5K,£5K - £5K,,
192,Virgin Money,Data Scientist,£39K - £42K,£39K,£42K,£39K - £42K,£39K - £42K,£4K - £4K,
193,QinetiQ,Data Scientist,£29K - £31K,£29K,£31K,£29K - £31K,£29K - £31K,,
194,Schlumberger,Data Scientist,£45K - £49K,£45K,£49K,£45K - £49K,£45K - £49K,,
195,Worldpay,Data Scientist,£53K - £57K,£53K,£57K,£53K - £57K,£53K - £57K,,
196,Openreach,Data Scientist,£40K - £44K,£40K,£44K,£40K - £43K,£40K - £43K,£1 - £1,
197,Sopra Steria,Data Scientist,£34K - £36K,£34K,£36K,£33K - £37K,£33K - £37K,,
198,Visa Inc.,Data Scientist - Intern,£21K - £23K,£21K,£23K,,,,
199,National Grid,Data Scientist,£40K - £43K,£40K,£43K,£39K - £43K,£39K - £43K,£6 - £6,
200,Diageo,Data Scientist,£81K - £87K,£81K,£87K,£80K - £88K,£80K - £88K,,
201,AXA,Data Scientist,£34K - £36K,£34K,£36K,£34K - £36K,£34K - £36K,,
202,Capital One,Data Scientist,£33K - £35K,£33K,£35K,£32K - £35K,£32K - £35K,£3K - £3K,
203,LV=,Data Scientist,£29K - £31K,£29K,£31K,£29K - £31K,£29K - £31K,,
204,OVO Energy,Data Scientist,£33K - £37K,£33K,£37K,£34K - £36K,£34K - £36K,,
205,Thames Water,Data Scientist,£38K - £42K,£38K,£42K,£39K - £42K,£39K - £42K,,
206,GlobalData,Data Scientist,£33K - £36K,£33K,£36K,£33K - £37K,£33K - £37K,,
207,Johnson Matthey,Data Scientist,£31K - £34K,£31K,£34K,£31K - £35K,£31K - £35K,,
208,Sky Betting & Gaming,Data Scientist,£43K - £47K,£43K,£47K,£43K - £47K,£43K - £47K,£4K - £5K,
209,Uber,Data Scientist,£33K - £37K,£33K,£37K,£34K - £36K,£34K - £36K,,
210,Boston Consulting Group,Data Scientist,£56K - £61K,£56K,£61K,£56K - £61K,£56K - £61K,,
211,Monzo Bank,Data Scientist,£58K - £62K,£58K,£62K,£57K - £62K,£57K - £62K,,
212,Gamesys,Data Scientist - Hourly,£16 - £17hourly,£16,£17,£16 - £17,£16 - £17,,
213,Gamesys,Data Scientist,£68K - £73K,£68K,£73K,£16 - £17,£16 - £17,,
214,Auto Trader UK,Data Scientist,£44K - £48K,£44K,£48K,£44K - £48K,£44K - £48K,,
215,Mars,Data Scientist,K,$96K,$104K,$97K - $104K,$97K - $104K,,
216,Explore Group,Data Scientist,£104K - £113K,£104K,£113K,£105K - £113K,£105K - £113K,,
217,Zurich Insurance,Data Scientist,£34K - £37K,£34K,£37K,£35K - £37K,£35K - £37K,£2K - £2K,
218,Queen's University Belfast,Data Scientist,£31K - £34K,£31K,£34K,£31K - £33K,£31K - £33K,,
219,University of Strathclyde,Data Scientist,£34K - £37K,£34K,£37K,£34K - £37K,£34K - £37K,,
220,The National Trust,Data Scientist,£42K - £46K,£42K,£46K,£42K - £45K,£42K - £45K,,
221,Investec,Data Scientist,£50K - £54K,£50K,£54K,£50K - £54K,£50K - £54K,,
222,Hiscox,Data Scientist,£41K - £43K,£41K,£43K,£40K - £44K,£40K - £44K,,
223,ITV,Data Scientist,£38K - £40K,£38K,£40K,£38K - £41K,£38K - £41K,,
224,Veolia,Data Scientist,£38K - £41K,£38K,£41K,£38K - £41K,£38K - £41K,,£14 - £16
225,Allstate Northern Ireland,Data Scientist - Intern,£15K - £16K,£15K,£16K,,,,
226,Allstate Northern Ireland,Data Scientist,£37K - £40K,£37K,£40K,£37K - £40K,£37K - £40K,,
227,News UK,Data Scientist,£44K - £48K,£44K,£48K,£44K - £48K,£44K - £48K,,
228,Allianz,Data Scientist,£35K - £37K,£35K,£37K,£35K - £37K,£35K - £37K,£2K - £2K,
229,Heat Recruitment,Data Scientist,£42K - £46K,£42K,£46K,£42K - £45K,£42K - £45K,,
230,Oliver Wyman,Data Scientist - Contractor,£39K - £42K,£39K,£42K,,,,
231,Severn Trent,Data Scientist,£33K - £36K,£33K,£36K,£33K - £36K,£33K - £36K,,
232,AXA UK,Data Scientist,£38K - £41K,£38K,£41K,£39K - £42K,£39K - £42K,£2K - £2K,
233,BJSS,Data Scientist,£54K - £59K,£54K,£59K,£54K - £59K,£54K - £59K,£5K - £6K,
234,GE Aviation,Data Scientist,£55K - £60K,£55K,£60K,£18K - £20K,£18K - £20K,,
235,University of Reading,Data Scientist,£30K - £32K,£30K,£32K,£30K - £32K,£30K - £32K,,
236,GE Aviation,Data Scientist - Intern,£18K - £20K,£18K,£20K,,,,
237,Roche,Data Scientist,£51K - £55K,£51K,£55K,£51K - £55K,£51K - £55K,,
238,Roche,Data Scientist - Hourly Contractor,£18 - £20hourly,£18,£20,,,,
239,Cision,Data Scientist,£76K - £82K,£76K,£82K,£76K - £81K,£76K - £81K,,
240,Cabinet Office UK,Data Scientist,£36K - £39K,£36K,£39K,£36K - £39K,£36K - £39K,,
241,Revolut,Data Scientist - Contractor,£71K - £76K,£71K,£76K,,,,
242,Citrix,Data Scientist,£45K - £47K,£45K,£47K,£44K - £48K,£44K - £48K,,£11K - £13K
243,Knight Frank,Data Scientist,£48K - £52K,£48K,£52K,£48K - £52K,£48K - £52K,,
244,LexisNexis Legal & Professional,Data Scientist,£88K - £95K,£88K,£95K,£87K - £95K,£87K - £95K,,
245,GE Healthcare,Data Scientist,£52K - £56K,£52K,£56K,£51K - £56K,£51K - £56K,,
246,NHS Digital,Data Scientist,£23K - £25K,£23K,£25K,£23K - £25K,£23K - £25K,,
247,Avanade,Data Scientist,£60K - £66K,£60K,£66K,£61K - £65K,£61K - £65K,,
248,Caterpillar,Data Scientist,£35K - £38K,£35K,£38K,£35K - £39K,£35K - £39K,,
249,BMW,Data Scientist,£17K - £18K,£17K,£18K,£17K - £18K,£17K - £18K,,
250,Jagex,Data Scientist,£45K - £48K,£45K,£48K,£44K - £48K,£44K - £48K,£5K - £5K,
251,Royal Bank of Scotland International,Data Scientist,£27K - £29K,£27K,£29K,£27K - £29K,£27K - £29K,,
252,Medical Research Council,Data Scientist - Monthly,£2K - £2K,£2K,£2K,£2K - £2K,£2K - £2K,,
253,Citizens Advice,Data Scientist,£37K - £40K,£37K,£40K,£37K - £40K,£37K - £40K,,
254,Office for National Statistics,Data Scientist - Hourly Contractor,£18 - £20hourly,£18,£20,,,,
255,Office for National Statistics,Data Scientist,£27K - £29K,£27K,£29K,£27K - £30K,£27K - £30K,,
256,GE Capital,Data Scientist,£59K - £64K,£59K,£64K,£60K - £65K,£60K - £65K,£6K - £6K,
257,Tripadvisor,Data Scientist,£69K - £75K,£69K,£75K,£69K - £75K,£69K - £75K,,
258,Pfizer,Data Scientist - Intern,£18K - £19K,£18K,£19K,,,,
259,"City, University of London",Data Scientist - Monthly Intern,£960 - £1K,£960,£1K,,,,
260,Science and Technology Facilities Council,Data Scientist,£49K - £53K,£49K,£53K,£48K - £52K,£48K - £52K,,
261,QBE,Data Scientist,£49K - £52K,£49K,£52K,£49K - £53K,£49K - £53K,£5K - £5K,
262,Publicis Groupe,Data Scientist,£44K - £47K,£44K,£47K,£44K - £48K,£44K - £48K,,
263,MS Amlin,Data Scientist,£39K - £42K,£39K,£42K,£40K - £43K,£40K - £43K,,
264,Freelancer,Data Scientist,£10K - £10K,£10K,£10K,£10K - £10K,£10K - £10K,,
265,Wavemaker,Data Scientist,£34K - £37K,£34K,£37K,£34K - £36K,£34K - £36K,,
266,University of Essex,Data Scientist,£31K - £33K,£31K,£33K,£30K - £33K,£30K - £33K,,
267,N Brown Group,Data Scientist,£54K - £58K,£54K,£58K,£54K - £58K,£54K - £58K,,
268,Illumina,Data Scientist - Intern,£17K - £19K,£17K,£19K,,,,
269,CACI (UK),Data Scientist - Intern,£18K - £20K,£18K,£20K,,,,
270,Carnival,Data Scientist,£30K - £32K,£30K,£32K,£30K - £32K,£30K - £32K,,
271,Lonza,Data Scientist,£24K - £26K,£24K,£26K,£24K - £26K,£24K - £26K,,
272,Trainline,Data Scientist - Contractor,£54K - £58K,£54K,£58K,,,,
273,Media by Kantar,Data Scientist,£40K - £42K,£40K,£42K,£39K - £43K,£39K - £43K,,
274,King,Data Scientist - Intern,£32K - £35K,£32K,£35K,,,,
275,AWE PLC,Data Scientist,£64K - £70K,£64K,£70K,£64K - £70K,£64K - £70K,,
276,Genpact,Data Scientist,£31K - £33K,£31K,£33K,£31K - £34K,£31K - £34K,,
277,Syngenta,Data Scientist,£42K - £45K,£42K,£45K,£42K - £45K,£42K - £45K,,
278,RAC,Data Scientist,£36K - £39K,£36K,£39K,£36K - £39K,£36K - £39K,,
279,Halliburton,Data Scientist,£46K - £49K,£46K,£49K,£46K - £49K,£46K - £49K,,
280,Wellcome Trust,Data Scientist,£45K - £49K,£45K,£49K,£45K - £49K,£45K - £49K,,
281,Tata Steel,Data Scientist,£29K - £31K,£29K,£31K,£29K - £31K,£29K - £31K,,
282,Department for Transport,Data Scientist,£43K - £47K,£43K,£47K,£43K - £47K,£43K - £47K,,
283,Quick Connect USA,Data Scientist,£63K - £68K,£63K,£68K,£62K - £68K,£62K - £68K,,
284,Channel 4,Data Scientist,£30K - £32K,£30K,£32K,£30K - £32K,£30K - £32K,,
285,Government Digital Service,Data Scientist,£51K - £55K,£51K,£55K,£51K - £55K,£51K - £55K,£481 - £517,
286,American Express Global Business Travel,Data Scientist,£45K - £48K,£45K,£48K,£44K - £48K,£44K - £48K,,
287,TES Global,Data Scientist,£65K - £70K,£65K,£70K,£65K - £70K,£65K - £70K,,
288,Hitachi Consulting,Data Scientist - Monthly Contractor,£9K - £10K,£9K,£10K,,,,
289,Kindred Group,Data Scientist,£59K - £64K,£59K,£64K,£59K - £65K,£59K - £65K,,
290,Red Bull,Data Scientist,£20K - £22K,£20K,£22K,£20K - £22K,£20K - £22K,,
291,Plymouth University,Data Scientist,£32K - £34K,£32K,£34K,£32K - £34K,£32K - £34K,,
292,Rolls-Royce Motor Cars,Data Scientist - Intern,£17K - £18K,£17K,£18K,,,,
293,M&C Saatchi,Data Scientist,£46K - £49K,£46K,£49K,£46K - £50K,£46K - £50K,,
294,SUEZ,Data Scientist,£49K - £53K,£49K,£53K,£49K - £53K,£49K - £53K,£5K - £5K,£8K - £8K
295,Northern Ireland Civil Service,Data Scientist,£31K - £33K,£31K,£33K,£31K - £33K,£31K - £33K,,
296,The Manufacturing Technology Centre,Data Scientist,£34K - £36K,£34K,£36K,£34K - £37K,£34K - £37K,,
297,SAS Institute,Data Scientist,£59K - £63K,£59K,£63K,£58K - £63K,£58K - £63K,,
298,Twinkl Educational Publishing,Data Scientist,£25K - £27K,£25K,£27K,£25K - £27K,£25K - £27K,,
299,WarnerMedia,Data Scientist - Intern,£20K - £21K,£20K,£21K,,,,
300,Palantir Technologies,Data Scientist,£50K - £54K,£50K,£54K,£50K - £54K,£50K - £54K,,
301,Wolters Kluwer,Data Scientist,£62K - £67K,£62K,£67K,£61K - £67K,£61K - £67K,£5K - £5K,
302,Teradata,Data Scientist,£83K - £89K,£83K,£89K,£82K - £90K,£82K - £90K,,
303,Qubit,Data Scientist,£58K - £63K,£58K,£63K,£55K - £62K,£55K - £62K,£15 - £16,
304,Phoenix Group,Data Scientist,£63K - £67K,£63K,£67K,£62K - £67K,£62K - £67K,£3K - £3K,
305,European Bioinformatics Institute,Data Scientist,£29K - £31K,£29K,£31K,£29K - £31K,£29K - £31K,,
306,Aberdeen Asset Management,Data Scientist,£60K - £66K,£60K,£66K,,,,
307,University of Brighton,Data Scientist,£35K - £38K,£35K,£38K,£35K - £37K,£35K - £37K,,
308,GBG,Data Scientist,£44K - £48K,£44K,£48K,£44K - £48K,£44K - £48K,,
309,BDP,Data Scientist,£41K - £45K,£41K,£45K,£42K - £45K,£42K - £45K,,
310,G-Research,Data Scientist,£29K - £31K,£29K,£31K,£29K - £31K,£29K - £31K,,
311,Yorkshire Water,Data Scientist,£40K - £44K,£40K,£44K,£40K - £44K,£40K - £44K,£382 - £417,
312,CMC Markets,Data Scientist,£64K - £69K,£64K,£69K,£64K - £70K,£64K - £70K,£3 - £3,
313,Amnesty International,Data Scientist - Contractor,£47K - £51K,£47K,£51K,,,,
314,YouGov,Data Scientist,£51K - £56K,£51K,£56K,£52K - £56K,£52K - £56K,£5K - £6K,
315,Hotels.com,Data Scientist,£53K - £58K,£53K,£58K,£54K - £59K,£54K - £59K,,
316,Hitachi Vantara,Data Scientist - Monthly Intern,£2K - £2K,£2K,£2K,,,,
317,Bristol Myers Squibb,Data Scientist,£61K - £65K,£61K,£65K,£60K - £65K,£60K - £65K,,
318,RELX,Data Scientist,£35K - £37K,£35K,£37K,,,,
319,Simon-Kucher & Partners,Data Scientist,£45K - £48K,£45K,£48K,£45K - £48K,£45K - £48K,£3K - £4K,
320,Ebiquity,Data Scientist,£29K - £32K,£29K,£32K,£29K - £32K,£29K - £32K,,
321,Welsh Water,Data Scientist,£31K - £33K,£31K,£33K,£31K - £33K,£31K - £33K,,
322,Keele University,Data Scientist,£31K - £33K,£31K,£33K,£31K - £33K,£31K - £33K,,
323,GAIN Capital,Data Scientist,£33K - £36K,£33K,£36K,£33K - £36K,£33K - £36K,£3K - £4K,
324,REPL Group,Data Scientist,£43K - £47K,£43K,£47K,£43K - £47K,£43K - £47K,,
325,Northrop Grumman,Data Scientist,£36K - £39K,£36K,£39K,£36K - £40K,£36K - £40K,£3K - £3K,
326,Peakon,Data Scientist,£43K - £47K,£43K,£47K,£43K - £47K,£43K - £47K,,
327,Clarivate,Data Scientist,£53K - £58K,£53K,£58K,£53K - £57K,£53K - £57K,,
328,JustGiving,Data Scientist,£52K - £56K,£52K,£56K,£52K - £57K,£52K - £57K,,
329,PRGX Global,Data Scientist,£23K - £25K,£23K,£25K,£23K - £25K,£23K - £25K,,
330,Workshare,Data Scientist,£41K - £45K,£41K,£45K,,,,
331,Gousto,Data Scientist,£48K - £52K,£48K,£52K,£48K - £52K,£48K - £52K,,
332,AKKA Technologies,Data Scientist,£28K - £30K,£28K,£30K,£28K - £30K,£28K - £30K,,
333,Charles River Associates,Data Scientist - Intern,£42K - £45K,£42K,£45K,,,,
334,Streetbees,Data Scientist,£63K - £68K,£63K,£68K,£43 - £47,£43 - £47,,
335,Allstate,Data Scientist - Intern,£15K - £16K,£15K,£16K,,,,
336,Streetbees,Data Scientist - Hourly Contractor,£43 - £47hourly,£43,£47,,,,
337,Giffgaff,Data Scientist,£61K - £65K,£61K,£65K,£60K - £66K,£60K - £66K,£10 - £10,
338,Curve,Data Scientist,£48K - £53K,£48K,£53K,£49K - £52K,£49K - £52K,,
339,UCAS,Data Scientist - Intern,£26K - £28K,£26K,£28K,,,,
340,RWE,Data Scientist - Monthly Contractor,£8K - £9K,£8K,£9K,,,,
341,UCAS,Data Scientist,£33K - £36K,£33K,£36K,£33K - £36K,£33K - £36K,,
342,Tandem Bank,Data Scientist,£44K - £48K,£44K,£48K,£44K - £48K,£44K - £48K,,
343,Findmypast,Data Scientist,£37K - £41K,£37K,£41K,£37K - £40K,£37K - £40K,,
344,Elevate Credit,Data Scientist,£25K - £27K,£25K,£27K,£25K - £27K,£25K - £27K,,
345,UCL,Data Scientist,£38K - £41K,£38K,£41K,£38K - £42K,£38K - £42K,,
346,Cox Automotive,Data Scientist,£35K - £37K,£35K,£37K,£34K - £37K,£34K - £37K,,
347,Infectious Media,Data Scientist,£39K - £43K,£39K,£43K,£39K - £43K,£39K - £43K,,
348,Alert Logic,Data Scientist,£40K - £43K,£40K,£43K,£39K - £42K,£39K - £42K,,
349,NHS Business Services Authority,Data Scientist,£35K - £37K,£35K,£37K,£34K - £37K,£34K - £37K,,
350,Atom Bank,Data Scientist,£27K - £29K,£27K,£29K,£27K - £29K,£27K - £29K,£1K - £2K,
351,Tessian,Data Scientist,£81K - £88K,£81K,£88K,£81K - £88K,£81K - £88K,,
352,AVL,Data Scientist,£40K - £43K,£40K,£43K,£39K - £42K,£39K - £42K,,
353,Barclays Global Investors,Data Scientist,£36K - £40K,£36K,£40K,£36K - £39K,£36K - £39K,,
354,Brandbank,Data Scientist - Hourly,£33 - £37hourly,£33,£37,£34 - £36,£34 - £36,,
355,Monese,Data Scientist,£67K - £73K,£67K,£73K,£67K - £72K,£67K - £72K,,
356,Lola's Cupcakes,Data Scientist,£29K - £31K,£29K,£31K,£29K - £31K,£29K - £31K,,
357,Mind Candy,Data Scientist,£41K - £45K,£41K,£45K,£41K - £45K,£41K - £45K,,
358,The App Experts (UK),Data Scientist - Monthly,£15K - £17K,£15K,£17K,£15K - £16K,£15K - £16K,,
359,Depop,Data Scientist,£54K - £59K,£54K,£59K,£54K - £58K,£54K - £58K,,
360,Karhoo,Data Scientist,£69K - £74K,£69K,£74K,£69K - £75K,£69K - £75K,,
361,US Air Force,Data Scientist - Contractor,£97K - £105K,£97K,£105K,,,,
362,QuantumBlack,Data Scientist - Monthly Intern,£3K - £4K,£3K,£4K,,,,
363,Blinkbox Entertainment,Data Scientist,£57K - £62K,£57K,£62K,£57K - £62K,£57K - £62K,£6K - £6K,
364,Uniper,Data Scientist,£34K - £37K,£34K,£37K,£34K - £38K,£34K - £38K,£954 - £1K,
365,Scottish Environment Protection Agency,Data Scientist,£29K - £31K,£29K,£31K,£29K - £31K,£29K - £31K,,
366,Kensington Mortgages,Data Scientist,£53K - £57K,£53K,£57K,£53K - £58K,£53K - £58K,£26K - £28K,
367,Innovate UK,Data Scientist,£43K - £47K,£43K,£47K,£43K - £47K,£43K - £47K,,
368,Transport Systems Catapult,Data Scientist,£27K - £29K,£27K,£29K,£27K - £29K,£27K - £29K,,
369,innogy,Data Scientist - Hourly Contractor,£55 - £60hourly,£55,£60,,,,
370,Hybrid Theory,Data Scientist,£42K - £45K,£42K,£45K,£41K - £45K,£41K - £45K,,
371,Vantage Point,Data Scientist,£22K - £24K,£22K,£24K,£21K - £23K,£21K - £23K,,
372,Altius,Data Scientist,£73K - £78K,£73K,£78K,£74K - £80K,£74K - £80K,,
373,Future Cities Catapult,Data Scientist,£63K - £67K,£63K,£67K,£63K - £68K,£63K - £68K,,
374,Founders Factory,Data Scientist,£43K - £47K,£43K,£47K,£44K - £47K,£44K - £47K,,
375,Pepper Financial Services Group,Data Scientist,£67K - £72K,£67K,£72K,£67K - £73K,£67K - £73K,£9K - £10K,
376,Masternaut,Data Scientist,£48K - £52K,£48K,£52K,£48K - £52K,£48K - £52K,£5K - £5K,
377,CGA,Data Scientist,£25K - £27K,£25K,£27K,£25K - £27K,£25K - £27K,£966 - £1K,
378,Nasdaq,Data Scientist - Intern,£31K - £33K,£31K,£33K,,,,
379,Aiimi,Data Scientist,£34K - £36K,£34K,£36K,£34K - £36K,£34K - £36K,,
380,MiQ,Data Scientist,£39K - £42K,£39K,£42K,£38K - £41K,£38K - £41K,£8K - £8K,
381,The Plum Guide,Data Scientist,£43K - £47K,£43K,£47K,£43K - £47K,£43K - £47K,,
382,QueryClick,Data Scientist,£43K - £47K,£43K,£47K,£43K - £47K,£43K - £47K,,
383,Cloudera,Data Scientist,£68K - £75K,£68K,£75K,£69K - £74K,£69K - £74K,,
384,Genomics England,Data Scientist,£56K - £61K,£56K,£61K,£57K - £61K,£57K - £61K,,
385,Jinn,Data Scientist,£40K - £43K,£40K,£43K,£40K - £43K,£40K - £43K,,
386,Cuvva,Data Scientist,£34K - £36K,£34K,£36K,£33K - £36K,£33K - £36K,,
387,Cytora,Data Scientist,£37K - £40K,£37K,£40K,£38K - £41K,£38K - £41K,,
388,Beamery,Data Scientist,£57K - £62K,£57K,£62K,£58K - £63K,£58K - £63K,,
389,Intelligent People,Data Scientist,£31K - £34K,£31K,£34K,£31K - £34K,£31K - £34K,,
390,Lockwood Publishing,Data Scientist,£34K - £37K,£34K,£37K,£33K - £36K,£33K - £36K,,
391,WRc,Data Scientist,£46K - £50K,£46K,£50K,£46K - £49K,£46K - £49K,,
392,Angel Solutions,Data Scientist - Monthly Intern,£1K - £1K,£1K,£1K,,,,
393,Blockchain,Data Scientist,£59K - £65K,£59K,£65K,£59K - £64K,£59K - £64K,£2K - £2K,
394,Stepstone,Data Scientist,£37K - £41K,£37K,£41K,£38K - £40K,£38K - £40K,,
395,Velocity Black,Data Scientist,£42K - £45K,£42K,£45K,£41K - £45K,£41K - £45K,,
396,Blue Pelican,Data Scientist,£47K - £51K,£47K,£51K,£47K - £51K,£47K - £51K,,
397,Bright Network,Data Scientist,£31K - £34K,£31K,£34K,£31K - £34K,£31K - £34K,,
398,Mrs Wordsmith,Data Scientist - Intern,£16K - £18K,£16K,£18K,,,,
399,Blis,Data Scientist,£61K - £65K,£61K,£65K,£61K - £65K,£61K - £65K,,
400,MyDrive,Data Scientist - Intern,£18K - £20K,£18K,£20K,,,,
401,Vendigital,Data Scientist,£33K - £36K,£33K,£36K,£34K - £36K,£34K - £36K,,
402,MyDrive,Data Scientist,£55K - £59K,£55K,£59K,£18K - £20K,£18K - £20K,,
403,Natural Environment Research Council,Data Scientist,£22K - £24K,£22K,£24K,£22K - £24K,£22K - £24K,,
404,Together Housing Group,Data Scientist,£23K - £24K,£23K,£24K,£22K - £24K,£22K - £24K,,
405,Dozens,Data Scientist,£58K - £63K,£58K,£63K,£58K - £63K,£58K - £63K,,
406,eTech (UK),Data Scientist,£23K - £25K,£23K,£25K,£24K - £25K,£24K - £25K,,
407,XpertHR,Data Scientist,£36K - £40K,£36K,£40K,£37K - £40K,£37K - £40K,,
408,BerryWorld,Data Scientist,£34K - £37K,£34K,£37K,£35K - £37K,£35K - £37K,,
409,Limejump,Data Scientist,£51K - £56K,£51K,£56K,£51K - £56K,£51K - £56K,,
410,Sparx,Data Scientist - Monthly Intern,£1K - £2K,£1K,£2K,,,,
411,BMLL Technologies,Data Scientist - Contractor,£64K - £69K,£64K,£69K,,,,
412,Harper Adams University,Data Scientist - Contractor,£35K - £38K,£35K,£38K,,,,
413,TouchNote,Data Scientist,£40K - £43K,£40K,£43K,£39K - £42K,£39K - £42K,,
414,BMLL Technologies,Data Scientist,£67K - £73K,£67K,£73K,£63K - £69K,£63K - £69K,,
415,Battelle,Data Scientist - Monthly,£5K - £6K,£5K,£6K,£5K - £6K,£5K - £6K,,
416,Healthcare RM,Data Scientist,£43K - £47K,£43K,£47K,£43K - £47K,£43K - £47K,,
417,Molo Finance,Data Scientist,£27K - £29K,£27K,£29K,£27K - £29K,£27K - £29K,,
418,Flatiron School,Data Scientist,£39K - £42K,£39K,£42K,£39K - £41K,£39K - £41K,,
419,Faculty,Data Scientist - Monthly Contractor,£2K - £2K,£2K,£2K,,,,
420,dataffirm,Data Scientist,£79K - £85K,£79K,£85K,£78K - £85K,£78K - £85K,,
421,Vortexa,Data Scientist,£74K - £80K,£74K,£80K,£74K - £79K,£74K - £79K,,
422,Dice,Data Scientist,£41K - £45K,£41K,£45K,£41K - £45K,£41K - £45K,£10 - £11,
423,Whizz Education,Data Scientist,£51K - £56K,£51K,£56K,£51K - £55K,£51K - £55K,,
424,Alibaba Group,Data Scientist - Monthly,£5K - £5K,£5K,£5K,£5K - £5K,£5K - £5K,,
425,Alibaba Group,Data Scientist,£67K - £73K,£67K,£73K,£5K - £5K,£5K - £5K,,
426,Decibel,Data Scientist,£46K - £49K,£46K,£49K,£46K - £49K,£46K - £49K,,
427,Fractal,Data Scientist,£47K - £51K,£47K,£51K,£47K - £51K,£47K - £51K,,
428,Arctic Shores,Data Scientist,£31K - £34K,£31K,£34K,£32K - £34K,£32K - £34K,,
429,Starcount,Data Scientist,£56K - £61K,£56K,£61K,£57K - £62K,£57K - £62K,,
430,Saatchi & Saatchi Wellness,Data Scientist,£44K - £47K,£44K,£47K,£43K - £47K,£43K - £47K,,
431,Satalia,Data Scientist,£48K - £52K,£48K,£52K,£48K - £52K,£48K - £52K,,
432,Intechnica,Data Scientist,£38K - £41K,£38K,£41K,£38K - £41K,£38K - £41K,,
433,Arkera,Data Scientist - Monthly Intern,£993 - £1K,£993,£1K,,,,
434,Marshmallow,Data Scientist,£53K - £57K,£53K,£57K,£52K - £57K,£52K - £57K,,
435,Times Higher Education,Data Scientist,£64K - £70K,£64K,£70K,£63K - £69K,£63K - £69K,,
436,Klarna,Data Scientist,£42K - £46K,£42K,£46K,£43K - £46K,£43K - £46K,,
437,Sensyne Health,Data Scientist - Monthly Contractor,£7K - £7K,£7K,£7K,,,,
438,Cloud Perspective,Data Scientist,£26K - £28K,£26K,£28K,£26K - £28K,£26K - £28K,,
439,Brady,Data Scientist,£38K - £41K,£38K,£41K,£38K - £42K,£38K - £42K,,
440,Optimum Patient Care,Data Scientist,£29K - £32K,£29K,£32K,£29K - £31K,£29K - £31K,,
441,AMD,Data Scientist,£38K - £42K,£38K,£42K,£38K - £41K,£38K - £41K,£4K - £4K,
442,Hack Partners,Data Scientist - Contractor,£38K - £42K,£38K,£42K,,,,
443,Ravelin Technology ,Data Scientist,£43K - £47K,£43K,£47K,£44K - £47K,£44K - £47K,,
444,AIR Worldwide,Data Scientist,£34K - £36K,£34K,£36K,£34K - £37K,£34K - £37K,,
445,Century-Tech,Data Scientist,£53K - £57K,£53K,£57K,£53K - £57K,£53K - £57K,,
446,Second Nature (UK),Data Scientist,£39K - £41K,£39K,£41K,£38K - £42K,£38K - £42K,£385 - £418,
447,Headstart,Data Scientist,£39K - £42K,£39K,£42K,£39K - £42K,£39K - £42K,,
448,DataSine,Data Scientist,£43K - £47K,£43K,£47K,£43K - £47K,£43K - £47K,,
449,Healthily,Data Scientist,£48K - £52K,£48K,£52K,£48K - £52K,£48K - £52K,,
450,"Wrightington, Wigan and Leigh NHS",Data Scientist,£44K - £47K,£44K,£47K,£43K - £47K,£43K - £47K,,
451,Hello Soda,Data Scientist,£29K - £31K,£29K,£31K,£29K - £32K,£29K - £32K,,
452,Panaseer,Data Scientist,£45K - £49K,£45K,£49K,£45K - £49K,£45K - £49K,,
453,Panaseer,Data Scientist,£43K - £47K,£43K,£47K,£45K - £49K,£45K - £49K,,
454,LKQ,Data Scientist,£29K - £31K,£29K,£31K,£29K - £31K,£29K - £31K,,
455,Fospha,Data Scientist - Monthly Intern,£2K - £2K,£2K,£2K,,,,
456,MAANA,Data Scientist,£85K - £90K,£85K,£90K,£84K - £91K,£84K - £91K,,
457,Senseye,Data Scientist,£52K - £57K,£52K,£57K,£53K - £57K,£53K - £57K,,
458,Netacea,Data Scientist,£32K - £34K,£32K,£34K,£32K - £34K,£32K - £34K,,
459,SMS,Data Scientist,£39K - £42K,£39K,£42K,£40K - £43K,£40K - £43K,,
460,Datatonic,Data Scientist,£44K - £47K,£44K,£47K,£43K - £47K,£43K - £47K,,
461,Adarga,Data Scientist,£44K - £46K,£44K,£46K,£32K - £34K,£32K - £34K,,
462,Wagestream,Data Scientist,£46K - £50K,£46K,£50K,£45K - £49K,£45K - £49K,,
463,Adarga,Data Scientist - Intern,£32K - £34K,£32K,£34K,,,,
464,Apolitical,Data Scientist,£36K - £40K,£36K,£40K,£37K - £39K,£37K - £39K,,
465,Origami Energy,Data Scientist,£46K - £51K,£46K,£51K,£47K - £50K,£47K - £50K,,
466,Unemployed Magazine,Data Scientist,£24K - £26K,£24K,£26K,£24K - £26K,£24K - £26K,,
467,Growth Intelligence,Data Scientist,£44K - £47K,£44K,£47K,£44K - £47K,£44K - £47K,,
468,Eagle Genomics,Data Scientist,£36K - £39K,£36K,£39K,£36K - £39K,£36K - £39K,,
469,Ferranti Technologies,Data Scientist,£39K - £43K,£39K,£43K,£40K - £43K,£40K - £43K,,
470,ResearchBods,Data Scientist,£29K - £32K,£29K,£32K,£29K - £32K,£29K - £32K,,
471,Cabot Financial,Data Scientist,£48K - £52K,£48K,£52K,£48K - £52K,£48K - £52K,£1K - £2K,
472,IOM,Data Scientist - Monthly Contractor,£2K - £2K,£2K,£2K,,,,
473,Cambridge Analytica,Data Scientist,£44K - £47K,£44K,£47K,£43K - £47K,£43K - £47K,£7K - £8K,
474,LiveRamp,Data Scientist,£38K - £41K,£38K,£41K,£38K - £42K,£38K - £42K,£4K - £4K,£954 - £1K
475,Digital Fineprint,Data Scientist,£29K - £31K,£29K,£31K,£29K - £31K,£29K - £31K,,
476,Cambridge Cancer Genomics,Data Scientist,£43K - £47K,£43K,£47K,£43K - £47K,£43K - £47K,,
477,Mayden,Data Scientist,£17K - £19K,£17K,£19K,£17K - £19K,£17K - £19K,,
478,PassivSystems,Data Scientist,£31K - £33K,£31K,£33K,£31K - £34K,£31K - £34K,,
479,Machine Medicine Technologies,Data Scientist,K,$35K,$37K,$35K - $37K,$35K - $37K,,
480,Accelerant,Data Scientist,£43K - £47K,£43K,£47K,£44K - £47K,£44K - £47K,,
481,Spixii,Data Scientist - Intern,£20K - £21K,£20K,£21K,,,,
482,Lancaster City Council,Data Scientist - Monthly Intern,£963 - £1K,£963,£1K,,,,
483,Resonate,Data Scientist,£49K - £53K,£49K,£53K,£49K - £52K,£49K - £52K,,
484,Health Economics and Outcomes Research,Data Scientist,£36K - £38K,£36K,£38K,£35K - £38K,£35K - £38K,£477 - £514,
485,John Doe,Data Scientist,£28K - £30K,£28K,£30K,£28K - £30K,£28K - £30K,,
486,Aire,Data Scientist,£65K - £71K,£65K,£71K,£65K - £70K,£65K - £70K,,£1 - £1
487,siHealth,Data Scientist,£39K - £42K,£39K,£42K,£39K - £41K,£39K - £41K,,
488,Polymatica,Data Scientist - Hourly,£19 - £21hourly,£19,£21,£19 - £21,£19 - £21,,
489,Ministère de l'Éducation nationale,Data Scientist,£21K - £22K,£21K,£22K,£21K - £23K,£21K - £23K,,
490,Brainbow,Data Scientist,£33K - £37K,£33K,£37K,£34K - £36K,£34K - £36K,,
491,Clear AI,Data Scientist,£68K - £73K,£68K,£73K,£68K - £73K,£68K - £73K,,
492,QA Media Ltd,Data Scientist,£19K - £21K,£19K,£21K,£19K - £21K,£19K - £21K,,
493,Traydstream,Data Scientist,£69K - £75K,£69K,£75K,£69K - £76K,£69K - £76K,,
494,Outlook Energy,Data Scientist,£52K - £56K,£52K,£56K,£52K - £56K,£52K - £56K,£10K - £10K,
495,Red Flag Alert,Data Scientist - Hourly,£7 - £8hourly,£7,£8,£7 - £8,£7 - £8,,
496,Adbrain,Data Scientist,£61K - £67K,£61K,£67K,£61K - £66K,£61K - £66K,,
497,Earth-i,Data Scientist,£39K - £42K,£39K,£42K,£38K - £42K,£38K - £42K,,
498,The Oakland Group,Data Scientist,£34K - £37K,£34K,£37K,£34K - £37K,£34K - £37K,,
499,Flight Data Services,Data Scientist - Monthly Intern,£913 - £986,£913,£986,,,,
500,Mustard Systems,Data Scientist,£47K - £51K,£47K,£51K,£46K - £51K,£46K - £51K,,
501,iDataVision,Data Scientist - Hourly,£12 - £13hourly,£12,£13,£12 - £13,£12 - £13,,
502,Shipamax,Data Scientist,£63K - £68K,£63K,£68K,£63K - £68K,£63K - £68K,,
503,Rubble,Data Scientist,K,A$58K,A$62K,A$58K - A$63K,A$58K - A$63K,,
504,iDataVision,Data Scientist,£54K - £58K,£54K,£58K,£12 - £13,£12 - £13,,
505,CarTrawler,Data Scientist,£49K - £53K,£49K,£53K,£4K - £5K,£4K - £5K,,
506,CarTrawler,Data Scientist - Monthly Intern,£4K - £5K,£4K,£5K,,,,
507,Infobiz (United Kingdom),Data Scientist - Monthly Contractor,K,₹40K,₹44K,,,,
508,CKM Analytix,Data Scientist,£43K - £46K,£43K,£46K,£43K - £47K,£43K - £47K,,
509,MetaVision Media,Data Scientist,£77K - £85K,£77K,£85K,£78K - £85K,£78K - £85K,,
510,Inside Talent,Data Scientist,£48K - £52K,£48K,£52K,£48K - £52K,£48K - £52K,,
511,Repositive,Data Scientist,£43K - £46K,£43K,£46K,£43K - £47K,£43K - £47K,,
512,Avid Media,Data Scientist,£58K - £62K,£58K,£62K,£58K - £62K,£58K - £62K,,
513,Portas Consulting,Data Scientist,£67K - £73K,£67K,£73K,£67K - £73K,£67K - £73K,,
514,Contact Lens Gallery & Designer Eyewear,Data Scientist,£49K - £52K,£49K,£52K,£48K - £53K,£48K - £53K,,
515,China Gezhouba Group,Data Scientist,£115K - £124K,£115K,£124K,£114K - £125K,£114K - £125K,,
516,OKRA Technologies,Data Scientist,£52K - £56K,£52K,£56K,£52K - £56K,£52K - £56K,,
517,Jakarta,Data Scientist,£19K - £21K,£19K,£21K,,,,
518,Projecting Success,Data Scientist,£25K - £27K,£25K,£27K,£25K - £27K,£25K - £27K,£2K - £2K,
519,THG,Data Scientist,£48K - £52K,£48K,£52K,,,,
520,Compare The Market (Australia),Data Scientist,£63K - £68K,£63K,£68K,£63K - £68K,£63K - £68K,,
521,Data Burst,Data Scientist,£53K - £57K,£53K,£57K,£54K - £57K,£54K - £57K,,
522,BOE,Data Scientist,£27K - £29K,£27K,£29K,£27K - £29K,£27K - £29K,,
523,wtl23,Data Scientist - Hourly,£49 - £52hourly,£49,£52,,,,
524,Click Helps,Data Scientist,£38K - £42K,£38K,£42K,£38K - £41K,£38K - £41K,,
525,UCHealth,Data Scientist,£29K - £32K,£29K,£32K,£29K - £31K,£29K - £31K,,
526,Steinfl & Bruno,Data Scientist,£57K - £63K,£57K,£63K,£58K - £62K,£58K - £62K,,
527,Albclusclus LTD,Data Scientist,£48K - £52K,£48K,£52K,,,,
528,Yahu,Data Scientist,K,$100K,$109K,,,,
529,Sentinel Technologies,Data Scientist,£61K - £67K,£61K,£67K,£62K - £67K,£62K - £67K,£5K - £6K,
530,Soma Enterprise,Data Scientist,£19K - £21K,£19K,£21K,£19K - £21K,£19K - £21K,,
531,/,Data Scientist,£29K - £31K,£29K,£31K,,,,
532,Startup Network,Data Scientist - Monthly,£4K - £4K,£4K,£4K,£4K - £4K,£4K - £4K,,
533,Amplifi Capital,Data Scientist,£32K - £34K,£32K,£34K,£31K - £34K,£31K - £34K,,
534,MRO,Data Scientist,£49K - £52K,£49K,£52K,£49K - £53K,£49K - £53K,,
535,IBM GBS,Data Scientist,£19K - £21K,£19K,£21K,"£48,483",No Reports,,
536,LivingLens,Data Scientist - Contractor,£34K - £36K,£34K,£36K,,,,
537,JBA International,Data Scientist,£33K - £36K,£33K,£36K,£34K - £36K,£34K - £36K,,
538,FB,Data Scientist,£96K - £104K,£96K,£104K,,,,
539,Graphnile,Data Scientist,£52K - £56K,£52K,£56K,£52K - £56K,£52K - £56K,,
540,SYNTASA,Data Scientist,£60K - £64K,£60K,£64K,£60K - £65K,£60K - £65K,£6K - £6K,
541,Mahesh Drugs,Data Scientist,£29K - £31K,£29K,£31K,,,,
542,Lectrefy,Data Scientist,£34K - £36K,£34K,£36K,,,,
543,GEOLYTIX,Data Scientist,£48K - £52K,£48K,£52K,£48K - £53K,£48K - £53K,£5K - £5K,
544,Buró de Crédito,Data Scientist - Contractor,£34K - £37K,£34K,£37K,,,,
545,Lytt,Data Scientist,£67K - £73K,£67K,£73K,£67K - £73K,£67K - £73K,£7K - £7K,
546,RedOwl,Data Scientist,£60K - £65K,£60K,£65K,,,,
547,Casino YAK,Data Scientist,£48K - £51K,£48K,£51K,£48K - £52K,£48K - £52K,,
548,Otherlab,Data Scientist - Monthly,£5K - £5K,£5K,£5K,£5K - £5K,£5K - £5K,,
549,Captur limited,Data Scientist - Hourly Intern,£12 - £12hourly,£12,£12,,,,
550,iDAS Global,Data Scientist,£38K - £41K,£38K,£41K,£38K - £42K,£38K - £42K,,
551,dunnhumby,Senior Data Scientist,"£60,759/yr",£48K,£65K,"£60,759","£5,037","£5,037",
552,Ministry of Justice UK,Senior Data Scientist,"£40,945/yr",£40K,£46K,"£40,945",No Reports,,
553,Tesco,Senior Data Scientist,"£70,131/yr",£54K,£72K,"£70,131","£2,004","£2,004",
554,Capgemini,Senior Data Scientist,"£74,573/yr",£60K,£94K,"£74,573",No Reports,,
555,BAE Systems Applied Intelligence,Senior Data Scientist,"£42,087/yr",£40K,£50K,"£42,087","£1,790","£1,790",£753
556,King,Senior Data Scientist,"£65,957/yr",£52K,£72K,"£65,957","£9,546","£8,028","£12,283"
557,Kantar (Worldpanel Division),Graduate Data Scientist,"£27,850/yr",£27K,£28K,"£27,850",No Reports,,
558,IBM,Senior Data Scientist,"£98,364/yr",£50K,£102K,"£98,364",£76,£151,£1
559,IQVIA,Senior Data Scientist,"£60,447/yr",£60K,£61K,"£60,447","£5,037","£5,037",
560,carwow,Senior Data Scientist,"£80,372/yr",£75K,£81K,"£80,372",No Reports,,
561,Royal Mail,Junior Data Scientist,"£47,794/yr",£41K,£49K,"£47,794",No Reports,,
562,Mango Solutions,Junior Data Scientist,"£26,951/yr",£27K,£156K,"£26,951",No Reports,,
563,Accenture,Data Science Consultant,"£52,952/yr",£51K,£59K,"£52,952",No Reports,,
564,dunnhumby,Applied Data Scientist,"£34,936/yr",£31K,£44K,"£34,936","£3,011","£3,011",
565,Barclays,Senior Data Scientist,£62K - £95K,£62K,£95K,£63K - £96K,£63K - £96K,£951 - £1K,
566,EY,Senior Data Scientist,£63K - £70K,£63K,£70K,£62K - £71K,£62K - £71K,£7K - £8K,
567,THG,Senior Data Scientist,£48K - £76K,£48K,£76K,£48K - £75K,£48K - £75K,£3K - £3K,
568,Expedia Group,Senior Data Scientist,£80K - £93K,£80K,£93K,£80K - £93K,£80K - £93K,£9K - £13K,
569,Facebook,Senior Data Scientist,£89K - £126K,£89K,£126K,£88K - £124K,£88K - £124K,£10K - £10K,£29K - £31K
570,Worldpay,Senior Data Scientist,£44K - £72K,£44K,£72K,£43K - £73K,£43K - £73K,,
571,Rank Group,Senior Data Scientist,£49K - £54K,£49K,£54K,£49K - £54K,£49K - £54K,,
572,Universal Music Group,Senior Data Scientist,£72K - £78K,£72K,£78K,,,,
573,Department for Transport,Senior Data Scientist,£40K - £45K,£40K,£45K,£40K - £45K,£40K - £45K,,
574,Skimlinks,Senior Data Scientist,£64K - £76K,£64K,£76K,£64K - £76K,£64K - £76K,£2K - £2K,
575,QuantumBlack,Senior Data Scientist,£72K - £79K,£72K,£79K,£71K - £80K,£71K - £80K,£11K - £15K,
576,Sensyne Health,Senior Data Scientist,£62K - £67K,£62K,£67K,£63K - £67K,£63K - £67K,£2K - £3K,
577,NatWest Group,Junior Data Scientist,£42K - £52K,£42K,£52K,£42K - £52K,£42K - £52K,,
578,BBC,Junior Data Scientist,£34K - £37K,£34K,£37K,£34K - £37K,£34K - £37K,,
579,Experian,Junior Data Scientist,£44K - £47K,£44K,£47K,£43K - £47K,£43K - £47K,£5K - £5K,
580,Altius,Junior Data Scientist,£33K - £37K,£33K,£37K,£33K - £37K,£33K - £37K,£2K - £2K,
581,QinetiQ,Associate Data Scientist,£30K - £33K,£30K,£33K,£30K - £32K,£30K - £32K,,
582,Lloyds Banking Group,Lead Data Scientist,£64K - £83K,£64K,£83K,£64K - £83K,£64K - £83K,£10K - £11K,
583,Aviva,Lead Data Scientist,£39K - £50K,£39K,£50K,£40K - £50K,£40K - £50K,£2K - £5K,
584,Microsoft,Principal Data Scientist,£90K - £99K,£90K,£99K,£90K - £99K,£90K - £99K,£19K - £21K,£29K - £31K
585,Deliveroo,Data Science Manager,£74K - £82K,£74K,£82K,£74K - £82K,£74K - £82K,,
586,dunnhumby,Data Science Manager,£63K - £76K,£63K,£76K,£64K - £75K,£64K - £75K,£10K - £11K,
587,THG,Graduate Data Scientist,£29K - £40K,£29K,£40K,£29K - £40K,£29K - £40K,,
588,First Derivatives,Daata Scientist,£19K - £21K,£19K,£21K,£19K - £21K,£19K - £21K,,
589,Amazon,Senior Data Scientist,£73K - £80K,£73K,£80K,£73K - £80K,£73K - £80K,,
590,HSBC Holdings,Senior Data Scientist - Hourly,£73 - £79hourly,£73,£79,£74 - £79,£74 - £79,,
591,HSBC Holdings,Senior Data Scientist,£109K - £119K,£109K,£119K,£73 - £79,£73 - £79,,
592,Vodafone,Senior Data Scientist,£80K - £87K,£80K,£87K,£80K - £86K,£80K - £86K,£20K - £22K,
593,Deutsche Bank,Senior Data Scientist,£116K - £125K,£116K,£125K,£115K - £126K,£115K - £126K,£76K - £83K,
594,BBC,Senior Data Scientist,£69K - £74K,£69K,£74K,£69K - £75K,£69K - £75K,,
595,GlaxoSmithKline,Senior Data Scientist,£35K - £38K,£35K,£38K,£35K - £38K,£35K - £38K,,
596,University of Cambridge,Senior Data Scientist,£49K - £53K,£49K,£53K,£50K - £54K,£50K - £54K,,
597,University College London,Senior Data Scientist,£48K - £52K,£48K,£52K,£48K - £52K,£48K - £52K,,
598,Microsoft,Senior Data Scientist,£82K - £89K,£82K,£89K,£82K - £89K,£82K - £89K,£94K - £101K,£15K - £16K
599,Unilever,Senior Data Scientist - Hourly Contractor,£77 - £83hourly,£77,£83,,,,
600,Virgin Media,Senior Data Scientist,£47K - £51K,£47K,£51K,£47K - £51K,£47K - £51K,,
601,Cognizant Technology Solutions,Senior Data Scientist,£53K - £58K,£53K,£58K,£53K - £58K,£53K - £58K,,
602,Arup,Senior Data Scientist,£60K - £65K,£60K,£65K,£60K - £65K,£60K - £65K,£2 - £2,
603,Fujitsu,Senior Data Scientist,£66K - £72K,£66K,£72K,£65K - £71K,£65K - £71K,,
604,Shell,Senior Data Scientist - Hourly Contractor,£48 - £52hourly,£48,£52,,,,
605,Centrica,Senior Data Scientist,£96K - £103K,£96K,£103K,£95K - £104K,£95K - £104K,£11K - £12K,
606,TUI Group,Senior Data Scientist,£48K - £52K,£48K,£52K,£48K - £52K,£48K - £52K,,
607,easyJet,Senior Data Scientist,£63K - £69K,£63K,£69K,£63K - £68K,£63K - £68K,£6K - £7K,
608,QinetiQ,Senior Data Scientist,£60K - £65K,£60K,£65K,£59K - £65K,£59K - £65K,,
609,Defence Science and Technology Laboratory,Senior Data Scientist,£36K - £39K,£36K,£39K,£36K - £39K,£36K - £39K,,
610,Capital One,Senior Data Scientist,£39K - £43K,£39K,£43K,£40K - £43K,£40K - £43K,,
611,Sky Betting & Gaming,Senior Data Scientist,£53K - £57K,£53K,£57K,£53K - £57K,£53K - £57K,£3K - £3K,
612,Babylon Health,Senior Data Scientist,£70K - £75K,£70K,£75K,£70K - £75K,£70K - £75K,,
613,EF Education First,Senior Data Scientist,£86K - £93K,£86K,£93K,£87K - £94K,£87K - £94K,,
614,Elsevier,Senior Data Scientist,£82K - £88K,£82K,£88K,£82K - £89K,£82K - £89K,£8K - £9K,
615,Allstate Northern Ireland,Senior Data Scientist,£51K - £56K,£51K,£56K,£52K - £56K,£52K - £56K,,
616,Wood Mackenzie,Senior Data Scientist,£44K - £48K,£44K,£48K,£44K - £48K,£44K - £48K,,
617,Funding Circle,Senior Data Scientist,£48K - £52K,£48K,£52K,£49K - £52K,£49K - £52K,,
618,QBE,Senior Data Scientist,£63K - £68K,£63K,£68K,£62K - £68K,£62K - £68K,£966 - £1K,
619,PHD Worldwide,Senior Data Scientist,£46K - £49K,£46K,£49K,£46K - £49K,£46K - £49K,,
620,The Pensions Regulator,Senior Data Scientist,£48K - £52K,£48K,£52K,£49K - £52K,£49K - £52K,,
621,iwoca,Senior Data Scientist,£64K - £70K,£64K,£70K,£65K - £69K,£65K - £69K,,
622,On the Beach,Senior Data Scientist,£45K - £48K,£45K,£48K,£44K - £48K,£44K - £48K,,£10K - £10K
623,Teradata,Senior Data Scientist,£59K - £64K,£59K,£64K,£58K - £63K,£58K - £63K,£4K - £5K,£13K - £14K
624,The Institution of Engineering and Technology,Senior Data Scientist,£43K - £47K,£43K,£47K,£43K - £47K,£43K - £47K,,
625,GroupM,Senior Data Scientist,£79K - £86K,£79K,£86K,£79K - £85K,£79K - £85K,,
626,Scottish Water,Senior Data Scientist,£42K - £45K,£42K,£45K,£41K - £45K,£41K - £45K,,
627,Meltwater,Senior Data Scientist,£81K - £88K,£81K,£88K,£81K - £88K,£81K - £88K,,
628,Liberty Global,Senior Data Scientist,£74K - £80K,£74K,£80K,£74K - £80K,£74K - £80K,£2K - £3K,
629,Product Madness,Senior Data Scientist,£62K - £67K,£62K,£67K,£63K - £67K,£63K - £67K,,
630,Hailo,Senior Data Scientist,£10K - £11K,£10K,£11K,£10K - £11K,£10K - £11K,,
631,Liaison Group,Senior Data Scientist,£43K - £47K,£43K,£47K,£43K - £47K,£43K - £47K,,
632,Glassdoor,Senior Data Scientist,£113K - £123K,£113K,£123K,£113K - £123K,£113K - £123K,,£15K - £16K
633,McDermott,Senior Data Scientist,£73K - £79K,£73K,£79K,£72K - £78K,£72K - £78K,,£14K - £16K
634,Karhoo,Senior Data Scientist,£43K - £47K,£43K,£47K,£43K - £47K,£43K - £47K,,
635,Owlstone Medical,Senior Data Scientist,£39K - £43K,£39K,£43K,£39K - £42K,£39K - £42K,,
636,Hybrid Theory,Senior Data Scientist,£49K - £53K,£49K,£53K,£48K - £53K,£48K - £53K,,
637,The Christie NHS Foundation Trust,Senior Data Scientist,£46K - £51K,£46K,£51K,£46K - £50K,£46K - £50K,,
638,BenevolentAI,Senior Data Scientist,£81K - £87K,£81K,£87K,£81K - £87K,£81K - £87K,,
639,Quantcast,Senior Data Scientist,£67K - £74K,£67K,£74K,£68K - £73K,£68K - £73K,£10K - £11K,
640,WRc,Senior Data Scientist,£39K - £43K,£39K,£43K,£40K - £43K,£40K - £43K,,
641,Digital Shadows,Senior Data Scientist,£74K - £80K,£74K,£80K,£74K - £80K,£74K - £80K,,
642,Aridhia Informatics,Senior Data Scientist,£38K - £40K,£38K,£40K,£38K - £41K,£38K - £41K,,£2K - £2K
643,MyDrive,Senior Data Scientist,£70K - £75K,£70K,£75K,£68K - £75K,£68K - £75K,£17K - £19K,
644,Annalect,Senior Data Scientist,£54K - £59K,£54K,£59K,£54K - £58K,£54K - £58K,,
645,Starcount,Senior Data Scientist,£57K - £62K,£57K,£62K,£57K - £61K,£57K - £61K,,
646,Advizzo,Senior Data Scientist,£41K - £45K,£41K,£45K,£41K - £45K,£41K - £45K,,
647,Aquila Insight,Senior Data Scientist,£45K - £49K,£45K,£49K,£45K - £49K,£45K - £49K,,
648,Healthily,Senior Data Scientist,£61K - £66K,£61K,£66K,£61K - £65K,£61K - £65K,£5K - £5K,
649,MAANA,Senior Data Scientist,£110K - £118K,£110K,£118K,£111K - £119K,£111K - £119K,,
650,REalyse,Senior Data Scientist,£72K - £79K,£72K,£79K,£73K - £78K,£73K - £78K,,
651,HealthUnlocked,Senior Data Scientist,£48K - £52K,£48K,£52K,£48K - £52K,£48K - £52K,,
652,Green Running,Senior Data Scientist,£53K - £58K,£53K,£58K,£54K - £58K,£54K - £58K,,
653,Fractal (United Kingdom),Senior Data Scientist,£48K - £52K,£48K,£52K,£48K - £52K,£48K - £52K,,
654,The Reach Group,Senior Data Scientist,£96K - £105K,£96K,£105K,£97K - £104K,£97K - £104K,,
655,Jearni,Senior Data Scientist - Hourly,£16 - £17hourly,£16,£17,£16 - £18,£16 - £18,,
656,Snap (UK),Senior Data Scientist,£68K - £73K,£68K,£73K,£67K - £73K,£67K - £73K,,
657,Qbiz,Senior Data Scientist,£63K - £67K,£63K,£67K,£62K - £68K,£62K - £68K,£5K - £5K,
658,data science incorporated,Senior Data Scientist,£58K - £62K,£58K,£62K,,,,
659,Barclays,Junior Data Scientist,£56K - £61K,£56K,£61K,£56K - £60K,£56K - £60K,,
660,IBM,Junior Data Scientist,£54K - £59K,£54K,£59K,£54K - £58K,£54K - £58K,,
661,HSBC Holdings,Junior Data Scientist,£33K - £37K,£33K,£37K,£34K - £36K,£34K - £36K,,
662,Sky,Junior Data Scientist,£47K - £51K,£47K,£51K,£47K - £51K,£47K - £51K,,
663,Jaguar Land Rover,Junior Data Scientist,£34K - £38K,£34K,£38K,£34K - £37K,£34K - £37K,,
664,Santander,Junior Data Scientist,£35K - £38K,£35K,£38K,£35K - £38K,£35K - £38K,£4K - £5K,
665,Bloomberg L.P.,Junior Data Scientist,£44K - £48K,£44K,£48K,£44K - £47K,£44K - £47K,£3K - £3K,
666,Cognizant Technology Solutions,Junior Data Scientist,£36K - £39K,£36K,£39K,£36K - £38K,£36K - £38K,,
667,BAE Systems Applied Intelligence,Junior Data Scientist,£36K - £39K,£36K,£39K,£36K - £39K,£36K - £39K,£593 - £643,
668,ASOS,Junior Data Scientist,£51K - £55K,£51K,£55K,£51K - £56K,£51K - £56K,,
669,Sage,Junior Data Scientist,£26K - £28K,£26K,£28K,£25K - £28K,£25K - £28K,,
670,Tata Consultancy Services,Junior Data Scientist,£27K - £29K,£27K,£29K,£27K - £29K,£27K - £29K,,
671,Thales,Junior Data Scientist - Monthly Intern,£1K - £1K,£1K,£1K,,,,
672,Mercer,Junior Data Scientist,£37K - £40K,£37K,£40K,£37K - £41K,£37K - £41K,£488 - £535,£682 - £739
673,AXA,Junior Data Scientist,£30K - £32K,£30K,£32K,£30K - £32K,£30K - £32K,£2K - £3K,
674,University of Newcastle (UK),Junior Data Scientist,£26K - £28K,£26K,£28K,£26K - £28K,£26K - £28K,,
675,Domestic & General Group,Junior Data Scientist,£34K - £38K,£34K,£38K,£35K - £37K,£35K - £37K,,
676,MediaCom,Junior Data Scientist,£24K - £26K,£24K,£26K,£24K - £26K,£24K - £26K,£963 - £1K,
677,Bulb,Junior Data Scientist,K,$38K,$42K,$39K - $41K,$39K - $41K,,
678,Allstate Northern Ireland,Junior Data Scientist,£25K - £27K,£25K,£27K,£25K - £27K,£25K - £27K,£993 - £1K,
679,Essence,Junior Data Scientist,£34K - £38K,£34K,£38K,£34K - £38K,£34K - £38K,£3K - £4K,
680,Avis Budget Group,Junior Data Scientist,£25K - £27K,£25K,£27K,£25K - £27K,£25K - £27K,,
681,Collinson,Junior Data Scientist,£28K - £31K,£28K,£31K,£29K - £31K,£29K - £31K,,
682,Efficio,Junior Data Scientist,£53K - £57K,£53K,£57K,£53K - £57K,£53K - £57K,£5K - £6K,
683,The Pensions Regulator,Junior Data Scientist,£25K - £27K,£25K,£27K,£25K - £27K,£25K - £27K,,
684,Kubrick Group,Junior Data Scientist,£25K - £27K,£25K,£27K,£25K - £27K,£25K - £27K,£3K - £3K,
685,Clyde & Co,Junior Data Scientist - Hourly,£14 - £15hourly,£14,£15,£14 - £15,£14 - £15,,
686,Reply,Junior Data Scientist,£38K - £42K,£38K,£42K,£39K - £41K,£39K - £41K,£5K - £5K,
687,Zopa,Junior Data Scientist,£43K - £47K,£43K,£47K,,,,
688,Vocalink,Junior Data Scientist - Contractor,£40K - £43K,£40K,£43K,,,,
689,The National Crime Agency,Junior Data Scientist,£33K - £36K,£33K,£36K,£33K - £36K,£33K - £36K,,
690,Smarkets,Junior Data Scientist,£45K - £48K,£45K,£48K,£44K - £48K,£44K - £48K,,
691,Gocompare,Junior Data Scientist,£27K - £29K,£27K,£29K,£27K - £29K,£27K - £29K,,
692,The Specialist Works,Junior Data Scientist,£29K - £31K,£29K,£31K,£29K - £31K,£29K - £31K,£957 - £1K,
693,Black Swan Data,Junior Data Scientist,£31K - £34K,£31K,£34K,£31K - £34K,£31K - £34K,,
694,Blenheim Chalcot,Junior Data Scientist,£29K - £31K,£29K,£31K,£29K - £31K,£29K - £31K,,
695,Uniper,Junior Data Scientist,£23K - £25K,£23K,£25K,£23K - £25K,£23K - £25K,,
696,Brady plc,Junior Data Scientist,£25K - £27K,£25K,£27K,£25K - £27K,£25K - £27K,,
697,Behavioural Insights Team,Junior Data Scientist - Monthly Intern,£966 - £1K,£966,£1K,,,,
698,Barings,Junior Data Scientist,£38K - £42K,£38K,£42K,£39K - £42K,£39K - £42K,,
699,Cytora,Junior Data Scientist,£34K - £37K,£34K,£37K,£35K - £37K,£35K - £37K,,
700,Angel Solutions,Junior Data Scientist,£15K - £16K,£15K,£16K,£15K - £16K,£15K - £16K,,
701,Mango Solutions,Junior Data Scientist - Intern,£18K - £19K,£18K,£19K,,,,
702,Featurespace,Junior Data Scientist,£38K - £41K,£38K,£41K,£39K - £42K,£39K - £42K,,
703,XYZ,Junior Data Scientist,£34K - £36K,£34K,£36K,£33K - £37K,£33K - £37K,,
704,Decibel,Junior Data Scientist,£39K - £42K,£39K,£42K,£38K - £42K,£38K - £42K,£4K - £4K,
705,MYJAR,Junior Data Scientist,£34K - £36K,£34K,£36K,£34K - £36K,£34K - £36K,£3K - £4K,
706,Intent HQ,Junior Data Scientist,£28K - £30K,£28K,£30K,£27K - £30K,£27K - £30K,£1 - £1,
707,Methods Analytics,Junior Data Scientist,£24K - £26K,£24K,£26K,£24K - £26K,£24K - £26K,,£543 - £584
708,Measurelab,Junior Data Scientist - Hourly,£10 - £10hourly,£10,£10,£10 - £10,£10 - £10,,
709,EMPLOYERS,Junior Data Scientist,£34K - £37K,£34K,£37K,£34K - £37K,£34K - £37K,,
710,TSB Bank,Data Analyst/Data Scientist,£40K - £43K,£40K,£43K,£40K - £44K,£40K - £44K,,
711,Dyson,Associate Data Scientist,£33K - £36K,£33K,£36K,£34K - £36K,£34K - £36K,,
712,University of Manchester,Associate Data Scientist,£43K - £47K,£43K,£47K,£43K - £47K,£43K - £47K,,
713,AKQA,Associate Data Scientist,£34K - £36K,£34K,£36K,£34K - £37K,£34K - £37K,,
714,Holiday Extras,Associate Data Scientist,£38K - £42K,£38K,£42K,£39K - £42K,£39K - £42K,,£3K - £3K
715,Reed Business Information,Associate Data Scientist,£27K - £29K,£27K,£29K,£27K - £29K,£27K - £29K,,
716,MATCHESFASHION,Associate Data Scientist,£33K - £37K,£33K,£37K,£34K - £36K,£34K - £36K,,
717,ICIS,Associate Data Scientist,£35K - £37K,£35K,£37K,£34K - £37K,£34K - £37K,,
718,Perspectum Diagnostics,Associate Data Scientist,£34K - £36K,£34K,£36K,£34K - £36K,£34K - £36K,£1K - £2K,
719,FlightGlobal,Associate Data Scientist,£27K - £29K,£27K,£29K,£27K - £29K,£27K - £29K,,
720,HSBC Holdings,Lead Data Scientist,£49K - £53K,£49K,£53K,£49K - £53K,£49K - £53K,£5K - £5K,
721,BBC,Lead Data Scientist,£79K - £85K,£79K,£85K,£79K - £86K,£79K - £86K,,
722,Capgemini,Lead Data Scientist,£76K - £83K,£76K,£83K,£76K - £83K,£76K - £83K,,
723,Microsoft,Lead Data Scientist,£87K - £95K,£87K,£95K,£88K - £95K,£88K - £95K,,
724,The Department for Education (UK),Lead Data Scientist,£48K - £53K,£48K,£53K,£49K - £53K,£49K - £53K,,
725,easyJet,Lead Data Scientist,£72K - £77K,£72K,£77K,£72K - £78K,£72K - £78K,£6K - £7K,
726,PlayStation,Lead Data Scientist,£67K - £72K,£67K,£72K,£67K - £73K,£67K - £73K,,
727,Funding Circle,Lead Data Scientist,£60K - £64K,£60K,£64K,£60K - £65K,£60K - £65K,,
728,Reed Business Information,Lead Data Scientist,£66K - £71K,£66K,£71K,£65K - £71K,£65K - £71K,,
729,Preqin,Lead Data Scientist,£68K - £73K,£68K,£73K,£67K - £73K,£67K - £73K,,
730,UCAS,Lead Data Scientist,£38K - £41K,£38K,£41K,£38K - £42K,£38K - £42K,,
731,Blis,Lead Data Scientist,£65K - £71K,£65K,£71K,£65K - £71K,£65K - £71K,,
732,Imagini Holdings,Lead Data Scientist,£78K - £84K,£78K,£84K,£78K - £84K,£78K - £84K,£13K - £14K,
733,Dataiku,Lead Data Scientist,£76K - £83K,£76K,£83K,£76K - £82K,£76K - £82K,,£10K - £11K
734,Together Networks,Lead Data Scientist,£67K - £72K,£67K,£72K,£67K - £72K,£67K - £72K,,
735,World Association of Nuclear Operators,Lead Data Scientist,£78K - £84K,£78K,£84K,£78K - £85K,£78K - £85K,,
736,EDF,Data Science Intern,£13K - £14K,£13K,£14K,,,,
737,SITA,Data Science Intern,£44K - £47K,£44K,£47K,£44K - £47K,£44K - £47K,,
738,Brainbow,Data Scientist Intern,£44K - £47K,£44K,£47K,£43K - £47K,£43K - £47K,,
739,Scene Connect,Data Scientist Intern,£43K - £47K,£43K,£47K,£44K - £47K,£44K - £47K,,
740,Expedia Group,Data Scientist II,£58K - £63K,£58K,£63K,,,,
741,Ministry of Justice UK,Principal Data Scientist,£55K - £59K,£55K,£59K,£55K - £59K,£55K - £59K,,
742,AstraZeneca,Principal Data Scientist,£71K - £77K,£71K,£77K,£72K - £77K,£72K - £77K,£9K - £10K,
743,Experian,Principal Data Scientist,£100K - £109K,£100K,£109K,£100K - £109K,£100K - £109K,£10K - £10K,
744,TUI Group,Principal Data Scientist,£47K - £51K,£47K,£51K,£48K - £51K,£48K - £51K,£5K - £5K,
745,Wipro,Principal Data Scientist,£114K - £123K,£114K,£123K,£112K - £124K,£112K - £124K,£28K - £31K,
746,QinetiQ,Principal Data Scientist,£60K - £65K,£60K,£65K,£61K - £65K,£61K - £65K,,
747,Openreach,Principal Data Scientist,£65K - £70K,£65K,£70K,£64K - £70K,£64K - £70K,£9K - £9K,£386 - £419
748,Skyscanner,Principal Data Scientist,£69K - £75K,£69K,£75K,£69K - £74K,£69K - £74K,£2K - £2K,
749,Cloudera,Principal Data Scientist,£118K - £129K,£118K,£129K,£119K - £129K,£119K - £129K,,
750,Starcount,Principal Data Scientist,£170K - £186K,£170K,£186K,£172K - £185K,£172K - £185K,,
751,Direct Line Group,Data Science Engineer,£47K - £52K,£47K,£52K,£48K - £52K,£48K - £52K,£2K - £2K,
752,Lancaster University,Data Science Engineer,£57K - £62K,£57K,£62K,£57K - £62K,£57K - £62K,,
753,Blockchain,Data Science Engineer,£78K - £84K,£78K,£84K,£79K - £84K,£79K - £84K,,
754,Virtual Clarity,Data Science Engineer,£65K - £71K,£65K,£71K,£66K - £71K,£66K - £71K,,
755,Big Data Scientists,Data Science Engineer,£24K - £26K,£24K,£26K,£24K - £26K,£24K - £26K,,
756,Morsum,Data Science Engineer,£33K - £36K,£33K,£36K,£34K - £36K,£34K - £36K,,
757,Accenture,Data Science Analyst,£32K - £35K,£32K,£35K,£32K - £35K,£32K - £35K,,
758,Fruugo,Data Science Analyst,£16K - £17K,£16K,£17K,£16K - £17K,£16K - £17K,,
759,Accenture,Data Science Manager,£84K - £91K,£84K,£91K,£84K - £91K,£84K - £91K,£7K - £8K,
760,BT,Data Science Manager,£41K - £45K,£41K,£45K,£41K - £45K,£41K - £45K,£4K - £4K,
761,BP,Data Science Manager,£63K - £68K,£63K,£68K,£62K - £68K,£62K - £68K,£12K - £13K,
762,Facebook,Data Science Manager,£115K - £124K,£115K,£124K,£116K - £125K,£116K - £125K,£10K - £10K,£10K - £10K
763,Sainsbury’s,Data Science Manager,£72K - £78K,£72K,£78K,£72K - £78K,£72K - £78K,£14K - £16K,
764,dunnhumby,Data Science Manager,£49K - £52K,£49K,£52K,£64K - £76K,£64K - £76K,£10K - £11K,
765,Aimia,Data Science Manager,£55K - £60K,£55K,£60K,£56K - £60K,£56K - £60K,£5K - £5K,
766,World Programming,Data Science Manager,£73K - £78K,£73K,£78K,£72K - £78K,£72K - £78K,,
767,NHS,Data Science Consultant,£46K - £50K,£46K,£50K,£46K - £49K,£46K - £49K,,
768,Capgemini,Data Science Consultant,£39K - £42K,£39K,£42K,£39K - £43K,£39K - £43K,,
769,PA Consulting,Data Science Consultant,£54K - £58K,£54K,£58K,£54K - £59K,£54K - £59K,£5K - £5K,
770,Shell,Data Science Consultant,£63K - £69K,£63K,£69K,£63K - £68K,£63K - £68K,,
771,First Derivatives,Data Science Consultant,£20K - £21K,£20K,£21K,£19K - £21K,£19K - £21K,,
772,Kubrick Group,Data Science Consultant,£37K - £40K,£37K,£40K,£37K - £40K,£37K - £40K,,
773,Quantexa,Data Science Consultant,£41K - £44K,£41K,£44K,£40K - £44K,£40K - £44K,£3K - £3K,
774,Allscripts,Data Science Consultant - Hourly Contractor,£19 - £21hourly,£19,£21,,,,
775,Matthew West Analytics,Data Science Consultant - Monthly Contractor,£2K - £2K,£2K,£2K,,,,
776,Deloitte,Graduate Data Scientist,£45K - £49K,£45K,£49K,£45K - £48K,£45K - £48K,,
777,Sage,Graduate Data Scientist,£31K - £33K,£31K,£33K,£31K - £33K,£31K - £33K,,
778,First Derivatives,Graduate Data Scientist,£19K - £20K,£19K,£20K,£19K - £20K,£19K - £20K,,
779,Ericsson-Worldwide,Graduate Data Scientist,£28K - £30K,£28K,£30K,£28K - £30K,£28K - £30K,£2K - £3K,
780,Reed Business Information,Graduate Data Scientist,£26K - £29K,£26K,£29K,£26K - £29K,£26K - £29K,,
781,Avios,Graduate Data Scientist,£29K - £32K,£29K,£32K,£30K - £32K,£30K - £32K,,
782,Frazer-Nash Consultancy,Graduate Data Scientist,£27K - £29K,£27K,£29K,£27K - £29K,£27K - £29K,,
783,ERS,Graduate Data Scientist,£29K - £31K,£29K,£31K,£29K - £31K,£29K - £31K,,
784,Bosch,Graduate Data Scientist,£32K - £35K,£32K,£35K,£32K - £35K,£32K - £35K,,
785,Fospha,Graduate Data Scientist,£29K - £32K,£29K,£32K,£29K - £32K,£29K - £32K,,
786,Liberty Mutual Insurance,Entry Level Data Scientist,£43K - £47K,£43K,£47K,£43K - £46K,£43K - £46K,,
787,Software AG Germany,Chief Data Scientist,£50K - £54K,£50K,£54K,,,,
788,FNZ,Data Science Associate,£31K - £33K,£31K,£33K,£30K - £33K,£30K - £33K,,
789,Kami Intelligence,Data Science Associate - Hourly Contractor,£8 - £9hourly,£8,£9,,,,
790,Faculty,Data Science Fellow - Monthly Intern,£954 - £1K,£954,£1K,,,,
791,Facebook,"Data Scientist, Analytics",£81K - £87K,£81K,£87K,£80K - £88K,£80K - £88K,,
792,Skipton Building Society,Sr Data Scientist,£38K - £41K,£38K,£41K,£38K - £41K,£38K - £41K,,
793,Barclays,Head of Data Science,£120K - £129K,£120K,£129K,£118K - £129K,£118K - £129K,£10K - £11K,
794,Capgemini,Head of Data Science,£88K - £96K,£88K,£96K,£89K - £96K,£89K - £96K,,
795,William Hill,Head of Data Science,£71K - £78K,£71K,£78K,£72K - £78K,£72K - £78K,£20 - £22,
796,EDF,Head of Data Science,£100K - £109K,£100K,£109K,£99K - £108K,£99K - £108K,£14K - £16K,
797,News UK,Head of Data Science,£78K - £84K,£78K,£84K,£78K - £84K,£78K - £84K,£16 - £17,
798,CarFinance247,Head of Data Science,£52K - £55K,£52K,£55K,£52K - £56K,£52K - £56K,,
799,Adecco Group,Head of Data Science,£77K - £85K,£77K,£85K,£78K - £85K,£78K - £85K,,
800,Liberis,Head of Data Science,£67K - £72K,£67K,£72K,£67K - £72K,£67K - £72K,£10K - £10K,
801,BGL HK,Head of Data Science,£105K - £114K,£105K,£114K,£106K - £114K,£106K - £114K,,
802,Unbound (UK),Head of Data Science,£72K - £77K,£72K,£77K,£71K - £78K,£71K - £78K,,
803,--,Head of Data Science,£44K - £49K,£44K,£49K,,,,
804,Bank of England,Research Data Scientist,£55K - £59K,£55K,£59K,£54K - £60K,£54K - £60K,,
805,Abc,Senior Data Science Engineer,£53K - £57K,£53K,£57K,£53K - £57K,£53K - £57K,,
806,Microsoft,Senior Data Scientist Manager,£91K - £99K,£91K,£99K,£91K - £100K,£91K - £100K,,
807,Schlumberger,Senior Data Scientist Manager,£81K - £87K,£81K,£87K,£81K - £88K,£81K - £88K,,
808,Skimlinks,Data Engineer/Data Scientist,£58K - £62K,£58K,£62K,£58K - £63K,£58K - £63K,,
809,Elevate Credit,Data Science and Analytics - Intern,£25K - £27K,£25K,£27K,,,,
