,company,salary,lower_bound_salary,upper_bound_salary,base_pay,bonus_pay,cash_bonus,stock_bonus,Position_clean
0,Capital One,76883,73000,125000,76883.0,5885.0,5885.0,3272.0,Data Scientist
1,RBC,90000,55000,135000,90000.0,12589.0,11983.0,3147.0,Data Scientist
2,Scotiabank,96176,74000,103000,96176.0,10051.0,10051.0,3327.0,Data Scientist
3,TD,79473,50000,129000,79473.0,6062.0,6062.0,2393.0,Data Scientist
4,Banque Nationale du Canada/National Bank of Canada,74945,71000,90000,74945.0,5045.0,5045.0,1536.0,Data Scientist
5,Loblaw Companies,90000,12000,107000,90000.0,9000.0,10008.0,5000.0,Data Scientist
6,Shopify,95489,85000,115000,95489.0,,,32840.0,Data Scientist
7,Bell Canada,80501,66000,108000,80501.0,11442.0,11442.0,,Data Scientist
8,RBC,56160,43680,62400,,,,,Data Scientist Intern
9,IBM,85187,71000,87000,85187.0,509.0,509.0,,Data Scientist
10,Rogers Communications,91429,70000,121000,91429.0,16989.0,16989.0,18956.0,Data Scientist
11,Deloitte,70052,61000,90000,70052.0,6.0,6.0,,Data Scientist
12,Boeing,100253,74000,108000,100253.0,3147.0,3147.0,,Data Scientist
13,Intact,60320,45760,68640,,,,,Data Scientist Intern
14,Stradigi AI,75110,70000,82000,75110.0,,,,Data Scientist
15,Scotiabank,63171,57000,82000,,,,,Data Scientist Intern
16,HSBC Holdings,62400,62400,68640,,,,,Data Scientist Intern
17,Intact,82500,76000,87000,29.0,,,,Data Scientist
18,ATB Financial,80872,70000,115000,80872.0,5000.0,5000.0,,Data Scientist
19,AeroInfo Systems,81545,79000,99000,81545.0,5981.0,5981.0,,Data Scientist
20,CIBC,56160,43680,62400,,,,,Data Scientist Intern
21,University of British Columbia,76000,41000,80000,76000.0,,,,Data Scientist
22,Shopify,76960,64480,85280,,,,,Data Scientist Intern
23,Ericsson-Worldwide,137112,67000,181000,137112.0,25.0,,25.0,Data Scientist
24,LoyaltyOne,92921,74000,97000,92921.0,11306.0,11306.0,,Data Scientist
25,Aviva Canada,97276,69000,115000,97276.0,16500.0,16500.0,,Data Scientist
26,Thomson Reuters,83200,72800,83200,,,,,Data Scientist Intern
27,Boston Consulting Group,130000,100000,130000,130000.0,32500.0,32500.0,8000.0,Data Scientist
28,Geotab,80235,65000,95000,80235.0,,,,Data Scientist
29,Precima,80117,80000,85000,80117.0,4103.0,4103.0,,Data Scientist
30,Scotiabank,66560,58240,74880,,,,,Data Scientist Intern
31,CIBC,88500,83000,94000,27.0,,,,Data Scientist
32,IBM,66560,62400,70720,,,,,Data Scientist Intern
33,IBM,4500,4000,5000,,,,,Data Scientist Intern
34,TELUS,101500,96000,107000,101500.0,101500.0,15000.0,,Data Scientist
35,Deloitte,49920,41600,58240,,,,,Data Scientist Intern
36,Deloitte,60000,53000,67000,,,,,Data Scientist Intern
37,KPMG,70500,67000,74000,71000.0,71000.0,,,Data Scientist
38,Manulife,84500,76000,93000,85000.0,85000.0,13500.0,4000.0,Data Scientist
39,Bombardier,41600,39520,43680,,,,,Data Scientist Intern
40,Canada Post,97500,90000,105000,96500.0,96500.0,7500.0,,Data Scientist
41,Electronic Arts,114500,93000,136000,115000.0,115000.0,13500.0,75500.0,Data Scientist
42,Ubisoft,98000,72000,124000,98500.0,98500.0,9500.0,,Data Scientist
43,CN,89000,63000,115000,89000.0,89000.0,6500.0,,Data Scientist
44,Capital One,62400,52000,72800,,,,,Data Scientist Intern
45,Morgan Stanley,147000,130000,164000,,,,,Data Scientist
46,Teck Resources,82500,77000,88000,82500.0,82500.0,10000.0,,Data Scientist
47,Statistics Canada,43680,39520,49920,,,,,Data Scientist Intern
48,Statistics Canada,69500,57000,82000,70000.0,70000.0,,,Data Scientist
49,Moneris,43680,41600,45760,,,,,Data Scientist Intern
50,Flipp,99500,84000,115000,98500.0,98500.0,10500.0,5000.0,Data Scientist
51,Aimia,80000,60000,100000,81500.0,81500.0,14500.0,,Data Scientist
52,ecobee,115000,98000,132000,115500.0,115500.0,,,Data Scientist
53,IQVIA,91500,79000,104000,91500.0,91500.0,10500.0,,Data Scientist
54,Realtor.com,96000,89000,103000,96000.0,96000.0,500.0,,Data Scientist
55,Equifax,112500,101000,124000,112500.0,112500.0,10500.0,5500.0,Data Scientist
56,Pelmorex Corp,90000,86000,94000,89500.0,89500.0,,,Data Scientist
57,Hothead Games,88000,50000,126000,89000.0,89000.0,,,Data Scientist
58,Sysomos,54080,52000,56160,,,,,Data Scientist Intern
59,Enel X,92500,89000,96000,93000.0,93000.0,,,Data Scientist
60,Two Hat Security,69500,65000,74000,68500.0,68500.0,,,Data Scientist
61,NuData Security,109000,103000,115000,109000.0,109000.0,10500.0,,Data Scientist
62,POWERSHiFTER,52000,49920,56160,,,,,Data Scientist
63,Efficiency One,59500,57000,62000,59500.0,59500.0,,,Data Scientist
64,Knowtions,92500,80000,105000,92500.0,92500.0,,,Data Scientist
65,TD,49920,49920,52000,,,,,Data Scientist Intern
66,TD,52000,49920,54080,52000.0,52000.0,,,Data Scientist
67,TD,45500,44000,47000,,,,,Data Scientist Intern
68,RBC,8500,8000,9000,90000.0,12589.0,11983.0,3147.0,Data Scientist
69,RBC,58240,56160,60320,,,,,Data Scientist
70,Scotiabank,5000,5000,5000,,,,,Data Scientist Intern
71,University of Toronto,70500,68000,73000,69500.0,69500.0,,,Data Scientist
72,Walmart,72800,70720,74880,,,,,Data Scientist
73,BMO Financial Group,45500,44000,47000,,,,,Data Scientist Intern
74,BMO Financial Group,10000,10000,10000,10000.0,10000.0,,,Data Scientist
75,Loblaw Companies,29120,29120,31200,29120.0,29120.0,,,Data Scientist
76,Loblaw Companies,58240,56160,62400,,,,,Data Scientist Intern
77,Loblaw Companies,80000,76000,84000,,,,,Data Scientist
78,BlackBerry,84500,81000,88000,23.0,23.0,,,Data Scientist
79,BlackBerry,47840,47840,49920,,,,,Data Scientist Intern
80,University of Waterloo,70000,67000,73000,70500.0,70500.0,,,Data Scientist
81,CGI,50000,48000,52000,,,,,Data Scientist Intern
82,Canadian Tire,84500,81000,88000,85000.0,85000.0,,,Data Scientist
83,McMaster University,65500,63000,68000,,,,,Data Scientist
84,Manulife,109500,105000,114000,,,,,Data Scientist
85,BC Hydro,83200,81120,87360,,,,,Data Scientist
86,Accenture,67000,64000,70000,67500.0,67500.0,,,Data Scientist
87,McGill University,45000,43000,47000,45000.0,45000.0,,,Data Scientist
88,SAP,52000,49920,54080,52000.0,52000.0,,,Data Scientist
89,SAP,52000,49920,54080,,,,,Data Scientist Intern
90,Ryerson University,51500,50000,53000,51000.0,51000.0,,,Data Scientist
91,University of Calgary,82000,78000,86000,82000.0,82000.0,,,Data Scientist
92,Sun Life,102000,98000,106000,102000.0,102000.0,,,Data Scientist
93,Government of Canada,69500,67000,72000,69500.0,69500.0,,,Data Scientist
94,Banque Nationale du Canada/National Bank of Canada,76500,74000,79000,74945.0,5045.0,5045.0,1536.0,Data Scientist
95,Banque Nationale du Canada/National Bank of Canada,60000,58000,62000,,,,,Data Scientist Intern
96,Ubisoft,30500,29000,32000,,,,,Data Scientist Intern
97,Carleton University,326000,310000,342000,326000.0,326000.0,,,Data Scientist
98,Shopify,95500,92000,99000,,,,,Data Scientist Intern
99,Shopify,78000,74000,82000,,,,,Data Scientist Intern
100,Shopify,6000,6000,6000,,,,,Data Scientist Intern
101,Microsoft,101000,97000,105000,101000.0,101000.0,,,Data Scientist
102,ATB Financial,122720,118560,128960,124800.0,124800.0,,,Data Scientist
103,GoodLife Fitness,63500,61000,66000,62500.0,62500.0,4000.0,,Data Scientist
104,MNP LLP,100500,97000,104000,100500.0,100500.0,,,Data Scientist
105,Concordia University,22000,21000,23000,22000.0,22000.0,,,Data Scientist
106,Cisco Systems,84500,81000,88000,42.0,42.0,,,Data Scientist
107,Cisco Systems,87360,83200,91520,,,,,Data Scientist Intern
108,Morgan Stanley,60500,58000,63000,147000.0,147000.0,,,Data Scientist
109,LoyaltyOne,50000,48000,52000,,,,,Data Scientist Intern
110,LoyaltyOne,66560,64480,68640,,,,,Data Scientist Intern
111,Pratt & Whitney Canada,2500,2000,3000,,,,,Data Scientist Intern
112,CBC/Radio-Canada,85500,82000,89000,85500.0,85500.0,,,Data Scientist
113,Hootsuite,84500,81000,88000,83500.0,83500.0,,,Data Scientist
114,BGIS,110500,107000,114000,110000.0,110000.0,,15.0,Data Scientist
115,Google,40000,38000,42000,40000.0,40000.0,,,Data Scientist
116,University of Victoria,84500,81000,88000,,,,,Data Scientist
117,Ontario Teachers' Pension Plan,52000,49920,54080,,,,,Data Scientist Intern
118,Statistics Canada,30000,29000,31000,,,,,Data Scientist Intern
119,Statistics Canada,47840,45760,49920,43680.0,43680.0,,,Data Scientist
120,Ontario Ministry of Education,78500,76000,81000,78500.0,78500.0,,,Data Scientist
121,Fortinet,94000,91000,97000,94500.0,94500.0,,20500.0,Data Scientist
122,PointClickCare,82500,79000,86000,82500.0,82500.0,,,Data Scientist
123,Sanofi,56160,54080,58240,,,,,Data Scientist Intern
124,WorkSafeBC,135000,130000,140000,136000.0,136000.0,,,Data Scientist
125,Gameloft,70000,67000,73000,70000.0,70000.0,,,Data Scientist
126,Ministry of the Environment and Climate Change,91500,88000,95000,91500.0,91500.0,,,Data Scientist
127,BMO Capital Markets,67000,64000,70000,,,,,Data Scientist Intern
128,Flipp,35360,35360,37440,,,,,Data Scientist Intern
129,Top Hat,100000,96000,104000,99500.0,99500.0,,,Data Scientist
130,SSENSE,71000,68000,74000,71500.0,71500.0,7000.0,,Data Scientist
131,Environment Canada,69500,67000,72000,70000.0,70000.0,,,Data Scientist
132,Cossette Communication,65500,62000,69000,65000.0,65000.0,,,Data Scientist
133,GlaxoSmithKline,94500,91000,98000,96000.0,96000.0,,,Data Scientist
134,Lightspeed,74500,71000,78000,75000.0,75000.0,,,Data Scientist
135,St. Michael's Hospital,74880,72800,79040,74880.0,74880.0,,,Data Scientist
136,Kingston General Hospital,83000,80000,86000,82500.0,82500.0,,,Data Scientist
137,Unilever,80000,77000,83000,80500.0,80500.0,,,Data Scientist
138,ABC,80000,77000,83000,81000.0,81000.0,,,Data Scientist
139,ABC,80500,77000,84000,81000.0,81000.0,,,Data Scientist
140,Health Canada,84000,80000,88000,83500.0,83500.0,,,Data Scientist
141,IQVIA,39500,38000,41000,91500.0,91500.0,10500.0,,Data Scientist
142,Ritchie Bros.,108000,104000,112000,107000.0,107000.0,20500.0,2000.0,Data Scientist
143,Self,99500,96000,103000,100000.0,100000.0,,,Data Scientist
144,Nutrien,75000,72000,78000,74500.0,74500.0,,,Data Scientist
145,Tech Mahindra,69500,67000,72000,69500.0,69500.0,,,Data Scientist
146,Finastra,79500,76000,83000,79000.0,79000.0,8500.0,,Data Scientist
147,Alberta Motor Association,85500,82000,89000,85000.0,85000.0,,,Data Scientist
148,Revenu Quebec,87500,84000,91000,88500.0,88500.0,,,Data Scientist
149,Toronto Star,60500,58000,63000,60000.0,60000.0,2000.0,,Data Scientist
150,Federal Government,122000,117000,127000,122500.0,122500.0,,,Data Scientist
151,Tucows,65500,63000,68000,65500.0,65500.0,,,Data Scientist
152,Kronos Incorporated,73500,70000,77000,74000.0,74000.0,,,Data Scientist
153,Employment and Social Development Canada,58500,56000,61000,59000.0,59000.0,,,Data Scientist
154,The Globe & Mail,60500,58000,63000,,,,,Data Scientist Intern
155,Pratt & Whitney,46000,44000,48000,46000.0,46000.0,,,Data Scientist
156,Northbridge Insurance,54080,52000,56160,,,,,Data Scientist Intern
157,Pitney Bowes,89500,86000,93000,90000.0,90000.0,,,Data Scientist
158,Yardi Systems,74000,71000,77000,73500.0,73500.0,,,Data Scientist
159,Seedbox Technologies,51000,49000,53000,52000.0,52000.0,,,Data Scientist
160,Rocky Mountaineer,65000,63000,67000,64500.0,64500.0,4000.0,,Data Scientist
161,Jewish General Hospital,54080,52000,56160,54080.0,54080.0,,,Data Scientist
162,Canadian Food Inspection Agency,80000,77000,83000,79500.0,79500.0,,,Data Scientist
163,Unbounce,120500,116000,125000,121500.0,121500.0,,,Data Scientist
164,League,100000,97000,103000,101000.0,101000.0,,,Data Scientist
165,Sauder School of Business,45760,43680,47840,45760.0,45760.0,,,Data Scientist
166,Prodigy Education,110000,106000,114000,109500.0,109500.0,,2000.0,Data Scientist
167,T4G,77000,74000,80000,76500.0,76500.0,,,Data Scientist
168,Mastercard,108000,103000,113000,107500.0,107500.0,10500.0,,Data Scientist
169,Kik,5000,5000,5000,,,,,Data Scientist Intern
170,Farmers Edge,61000,59000,63000,61500.0,61500.0,,,Data Scientist
171,Torstar,60500,58000,63000,60000.0,60000.0,,,Data Scientist
172,500px,5000,5000,5000,,,,,Data Scientist Intern
173,ruby,83000,80000,86000,82500.0,82500.0,8000.0,,Data Scientist
174,Xe,3000,3000,3000,,,,,Data Scientist Intern
175,Xe,89500,86000,93000,90000.0,90000.0,4500.0,,Data Scientist
176,Hotspex,70500,68000,73000,70500.0,70500.0,,,Data Scientist
177,Adastra Group,80500,77000,84000,79500.0,79500.0,20000.0,,Data Scientist
178,Maluuba,127000,121000,133000,127500.0,127500.0,,80000.0,Data Scientist
179,Facebook,74880,72800,76960,,,,,Data Scientist Intern
180,Trulioo,97000,93000,101000,98500.0,98500.0,,,Data Scientist
181,INVISTA,45500,44000,47000,,,,,Data Scientist Intern
182,Thinkific,41600,41600,43680,,,,,Data Scientist Intern
183,Omnicom Media Group,95500,91000,100000,95000.0,95000.0,3500.0,,Data Scientist
184,BNOTIONS,82000,79000,85000,82500.0,82500.0,,,Data Scientist
185,Upwork,100000,96000,104000,100500.0,100500.0,,,Data Scientist
186,CARFAX Canada,54080,52000,56160,,,,,Data Scientist Intern
187,Eyereturn Marketing,108000,104000,112000,106500.0,106500.0,,,Data Scientist
188,Arvato,44500,43000,46000,44500.0,44500.0,,,Data Scientist
189,Magnet Forensics,50000,48000,52000,50000.0,50000.0,,,Data Scientist
190,Experis,49920,47840,52000,,,,,Data Scientist
191,Verizon,94000,90000,98000,,,,,Data Scientist
192,First Derivatives,58000,56000,60000,58000.0,58000.0,,,Data Scientist
193,Statflo,72000,69000,75000,72000.0,72000.0,,,Data Scientist
194,SinaLite,60000,58000,62000,30.0,30.0,,,Data Scientist
195,SinaLite,62400,60320,64480,62400.0,62400.0,,,Data Scientist
196,Multi-Health Systems,78500,75000,82000,79000.0,79000.0,,,Data Scientist
197,district m,95500,92000,99000,95000.0,95000.0,,10.0,Data Scientist
198,Neurio Technology,59000,57000,61000,59500.0,59500.0,,,Data Scientist
199,RS Energy Group,90000,86000,94000,90500.0,90500.0,,,Data Scientist
200,Overbond,1000,1000,1000,,,,,Data Scientist Intern
201,LCI Éducation,46500,45000,48000,46000.0,46000.0,,,Data Scientist
202,Two Hat Security,3500,3000,4000,,,,,Data Scientist Intern
203,Two Hat Security,18720,18720,20800,,,,,Data Scientist Intern
204,Uncharted,115000,111000,119000,115000.0,115000.0,,,Data Scientist
205,Canadian Internet Registration Authority,49920,47840,52000,,,,,Data Scientist Intern
206,EMAGIN Clean Technologies,81500,78000,85000,81000.0,81000.0,,,Data Scientist
207,Field Effect,75000,72000,78000,75000.0,75000.0,10000.0,,Data Scientist
208,daVinci,52000,49920,54080,,,,,Data Scientist Intern
209,Boréalis (Canada),55500,53000,58000,55500.0,55500.0,2000.0,,Data Scientist
210,Upsight,6500,6000,7000,6500.0,6500.0,,,Data Scientist
211,CRIM (Computer Research Institute of Montreal),45760,43680,47840,,,,,Data Scientist Intern
212,Mistplay,71500,68000,75000,72000.0,72000.0,,,Data Scientist
213,Gestisoft,47840,45760,49920,47840.0,47840.0,,,Data Scientist
214,Quandl,74000,71000,77000,73500.0,73500.0,,,Data Scientist
215,Neelands Refrigeration,55500,53000,58000,,,,,Data Scientist Intern
216,Altus Assessments,80500,77000,84000,79500.0,79500.0,,,Data Scientist
217,Wish,5500,5000,6000,,,,,Data Scientist Intern
218,Geosyntec Consultants,58240,56160,62400,60320.0,60320.0,2000.0,,Data Scientist
219,Cerebri AI,5000,5000,5000,5000.0,5000.0,,,Data Scientist
220,Opta Information Intelligence,86000,83000,89000,86500.0,86500.0,10.0,,Data Scientist
221,Cerebri AI,11500,11000,12000,5000.0,5000.0,,,Data Scientist
222,Power Factors,2000,2000,2000,,,,,Data Scientist Intern
223,Felix & Paul Studios,91000,88000,94000,90500.0,90500.0,,,Data Scientist
224,Autotrader,125,120,131,125.0,125.0,3000.0,,Data Scientist
225,CSI Consulting,70000,67000,73000,,,,,Data Scientist
226,KE Solutions,61000,59000,63000,,,,,Data Scientist Intern
227,Forcepoint,94000,90000,98000,93500.0,93500.0,7000.0,,Data Scientist
228,AIRM Consulting,70000,67000,73000,69500.0,69500.0,,,Data Scientist
229,Keela,59500,57000,62000,60000.0,60000.0,,,Data Scientist
230,Prolifics,50500,48000,53000,,,,,Data Scientist Intern
231,Freelance.com,101920,99840,106080,104000.0,104000.0,,,Data Scientist
232,Sia Partners,78000,75000,81000,78000.0,78000.0,,,Data Scientist
233,Outshine,51000,49000,53000,51000.0,51000.0,,,Data Scientist
234,Enlighted,68640,66560,70720,,,,,Data Scientist Intern
235,Chisel AI,115500,111000,120000,115500.0,115500.0,,,Data Scientist
236,ASL Environmental Sciences,68500,65000,72000,68500.0,68500.0,,8000.0,Data Scientist
237,tealbook,41600,39520,43680,,,,,Data Scientist Intern
238,Samplits,922,882,962,,,,,Data Scientist Intern
239,AltaML,84500,81000,88000,84000.0,84000.0,,,Data Scientist
240,Via Science,80000,77000,83000,79000.0,79000.0,,,Data Scientist
241,Gymtrack,63000,60000,66000,64000.0,64000.0,,,Data Scientist
242,SolutionStat,112320,108160,116480,112320.0,112320.0,,,Data Scientist
243,Savormetrics,54080,52000,56160,,,,,Data Scientist Intern
244,SharpestMinds,50000,48000,52000,,,,,Data Scientist Intern
245,FitFi,55500,53000,58000,55500.0,55500.0,,,Data Scientist
246,Brizi,35500,34000,37000,35500.0,35500.0,,,Data Scientist
247,Planet Bingo,119500,115000,124000,119500.0,119500.0,,,Data Scientist
248,Vooban,86500,83000,90000,87000.0,87000.0,,,Data Scientist
249,SharpestMinds,100500,96000,105000,50000.0,50000.0,,,Data Scientist
250,Faimdata,64500,62000,67000,64500.0,64500.0,,,Data Scientist
251,Acerta (Canada),61500,59000,64000,61500.0,61500.0,5000.0,,Data Scientist
252,deviantArt,86000,83000,89000,86500.0,86500.0,541.0,2000.0,Data Scientist
253,Beam Data,65500,63000,68000,65000.0,65000.0,,,Data Scientist
254,Beam Data,72800,70720,74880,,,,,Data Scientist
255,Scribd,140500,135000,146000,141000.0,141000.0,16000.0,50000.0,Data Scientist
256,Dane Street,2000,2000,2000,,,,,Data Scientist
257,Renda Broadcasting,110240,106080,114400,135200000.0,135200000.0,,,Data Scientist Intern
258,Aitheras,64500,62000,67000,40.0,40.0,,,Data Scientist
259,Polar Systems,83200,79040,87360,93600.0,93600.0,,,Data Scientist
260,Prestige SG-TECH Consulting,93600,91520,97760,93600.0,93600.0,,,Data Scientist
261,YYZ Ventures,83500,80000,87000,,,,,Data Scientist
262,Random Forest,149500,143000,156000,,,,,Data Scientist
263,patrickmesana,10500,10000,11000,,,,,Data Scientist
264,Sherbrooke Informatique,193440,187200,201760,,,,,Data Scientist
265,Losch Engineering,52000,50000,54000,,,,,Data Scientist Intern
266,Chizindu udum,90000,87000,93000,,,,,Data Scientist
267,CONCURED,69500,67000,72000,70500.0,70500.0,,,Data Scientist
268,Annalect,100000,95000,105000,99500.0,99500.0,,,Data Scientist
269,Trump Pense,52000,49920,54080,52000.0,52000.0,,,Data Scientist
270,Salata,80000,76000,84000,80500.0,80500.0,,,Data Scientist
271,Food Banks,65500,63000,68000,65500.0,65500.0,,,Data Scientist
272,Pure Strategy Consulting Inc.,60500,58000,63000,,,,,Data Scientist
273,BalloonBox,90000,87000,93000,90500.0,90500.0,5000.0,,Data Scientist
274,a i solutions,76500,73000,80000,77000.0,77000.0,,,Data Scientist
275,Business Analytica,74880,72800,76960,,,,,Data Scientist Intern
276,Ministério da Educação,78500,75000,82000,79000.0,79000.0,,,Data Scientist
277,ePassing,52500,50000,55000,,,,,Data Scientist Intern
278,Appberry,100000,96000,104000,100000.0,100000.0,,,Data Scientist
279,Prestige SG-Tech Consulting,104000,99840,108160,,,,,Data Scientist
280,SimplicityBI,83500,80000,87000,82500.0,82500.0,,,Data Scientist
281,Pure Strategic,60000,58000,62000,,,,,Data Scientist
282,Global Development Group,51500,49000,54000,51500.0,51500.0,,,Data Scientist
283,Datacratic,110000,106000,114000,109500.0,109500.0,,,Data Scientist
284,East Asian Observatory,78500,75000,82000,78500.0,78500.0,,,Data Scientist
285,Sports IQ Analytics,88000,84000,92000,88000.0,88000.0,,,Data Scientist
286,Smats Traffic Solutions ,62000,60000,64000,,,,,Data Scientist
287,Pretect ,105000,101000,109000,104500.0,104500.0,,,Data Scientist
288,University of Fujairah,50000,48000,52000,49500.0,49500.0,,,Data Scientist
289,Graphika Print Solution,81000,78000,84000,81500.0,81500.0,,,Data Scientist
290,Shopify,114665,85000,153000,114665.0,30135.0,5018.0,55252.0,Senior Data Scientist
291,Capital One,94861,90,115000,94861.0,12287.0,12287.0,1937.0,Senior Data Scientist
292,RBC,110892,105000,113000,110892.0,17767.0,17767.0,,Senior Data Scientist
293,Capital One,121109,11000,127000,121109.0,15123.0,15123.0,4985.0,Lead Data Scientist
294,RBC,56160,54080,60320,,,,,Data Scientist Intern
295,Scotiabank,85692,12000,156000,,,,,Data Scientist Intern
296,Capital One,66560,52000,72800,,,,,Data Scientist Intern
297,TD,125000,116000,134000,125000.0,125000.0,16000.0,,Senior Data Scientist
298,Scotiabank,113000,90000,136000,114000.0,114000.0,14500.0,3000.0,Senior Data Scientist
299,Intact,94000,87000,101000,93500.0,93500.0,55000.0,,Senior Data Scientist
300,Aviva,104500,72000,137000,104000.0,104000.0,3500.0,,Senior Data Scientist
301,Cerebri AI,102000,72000,132000,100500.0,100500.0,,,Senior Data Scientist
302,Scotiabank,79000,73000,85000,,,,,Data Scientist Intern
303,Statistics Canada,45760,41600,49920,,,,,Data Scientist Intern
304,University of Toronto,153000,146000,160000,152500.0,152500.0,,,Senior Data Scientist
305,CIBC,100500,97000,104000,100000.0,100000.0,13000.0,,Senior Data Scientist
306,IBM,92000,88000,96000,93500.0,93500.0,1000.0,,Senior Data Scientist
307,Loblaw Companies,73500,71000,76000,73500.0,73500.0,7000.0,,Senior Data Scientist
308,Government of Canada,99000,96000,102000,98500.0,98500.0,,,Senior Data Scientist
309,Banque Nationale du Canada/National Bank of Canada,70000,67000,73000,70000.0,70000.0,,,Senior Data Scientist
310,ADP,95500,92000,99000,95000.0,95000.0,,,Senior Data Scientist
311,Ceridian,110000,106000,114000,111500.0,111500.0,3000.0,,Senior Data Scientist
312,LoyaltyOne,104500,100000,109000,105500.0,105500.0,,,Senior Data Scientist
313,Economical Insurance,85000,81000,89000,85000.0,85000.0,1.0,,Senior Data Scientist
314,Intuit,93000,89000,97000,94000.0,94000.0,,,Senior Data Scientist
315,Huawei Technologies,137280,131040,143520,,,,,Senior Data Scientist
316,Self,89000,85000,93000,89500.0,89500.0,,,Senior Data Scientist
317,Boston Consulting Group,210000,200000,220000,209000.0,209000.0,15000.0,10500.0,Senior Data Scientist
318,CHEO,84500,81000,88000,84000.0,84000.0,,,Senior Data Scientist
319,Mozilla,143500,139000,148000,143500.0,143500.0,26000.0,,Senior Data Scientist
320,SurveyMonkey,135000,130000,140000,134500.0,134500.0,,,Senior Data Scientist
321,GE Digital,133000,127000,139000,134000.0,134000.0,3000.0,,Senior Data Scientist
322,Teradata,104000,100000,108000,104500.0,104500.0,,,Senior Data Scientist
323,Environment and Climate Change Canada,112000,107000,117000,112000.0,112000.0,,,Senior Data Scientist
324,Facebook,175500,170000,181000,176000.0,176000.0,25000.0,60000.0,Senior Data Scientist
325,AeroInfo Systems,118500,114000,123000,117500.0,117500.0,5000.0,,Senior Data Scientist
326,1QB Information Technologies 1QBit,73500,70000,77000,73500.0,73500.0,,,Senior Data Scientist
327,Exiger,150500,144000,157000,150500.0,150500.0,13500.0,23000.0,Senior Data Scientist
328,BlueDot,80000,77000,83000,80000.0,80000.0,,,Senior Data Scientist
329,Altus Assessments,99500,95000,104000,100500.0,100500.0,,,Senior Data Scientist
330,Talan,110500,106000,115000,110000.0,110000.0,,,Senior Data Scientist
331,Apply Digital,139000,133000,145000,139500.0,139500.0,,,Senior Data Scientist
332,Ivado Labs,151000,146000,156000,151500.0,151500.0,,,Senior Data Scientist
333,Kinsol Research,97500,93000,102000,,,,,Senior Data Scientist
334,,93000,90000,96000,,,,,Senior Data Scientist
335,Brilent,125000,119000,131000,126500.0,126500.0,,,Senior Data Scientist
336,GoDaddy,144500,139000,150000,143500.0,143500.0,13500.0,,Senior Data Scientist
337,Imbellus,135000,130000,140000,134500.0,134500.0,,,Senior Data Scientist
338,TD,50000,48000,52000,,,,,Data Scientist Intern
339,RBC,55500,53000,58000,55000.0,55000.0,,,Junior Data Scientist
340,Scotiabank,47840,45760,49920,,,,,Data Scientist Intern
341,University of Toronto,76960,74880,81120,,,,,Junior Data Scientist
342,Rogers Communications,4000,4000,4000,4000.0,4000.0,,,Junior Data Scientist
343,Bell Canada,51000,49000,53000,51000.0,51000.0,,,Junior Data Scientist
344,Bell Canada,39520,39520,41600,,,,,Junior Data Scientist
345,Government of Canada,78000,75000,81000,77000.0,77000.0,,,Junior Data Scientist
346,Intact,59500,57000,62000,60000.0,60000.0,,,Junior Data Scientist
347,Flipp,3000,3000,3000,,,,,Data Scientist Intern
348,BiblioCommons,55000,53000,57000,,,,,Junior Data Scientist
349,Two Hat Security,2500,2000,3000,,,,,Data Scientist Intern
350,Unity Health Toronto,74000,71000,77000,74000.0,74000.0,,,Junior Data Scientist
351,Boréalis (Canada),55500,53000,58000,55500.0,55500.0,,,Junior Data Scientist
352,"GE Lighting, A Savant Company",65000,62000,68000,,,,,Junior Data Scientist
353,Fiddlehead,54500,53000,56000,55000.0,55000.0,,,Junior Data Scientist
354,Genworth,54080,52000,56160,,,,,Data Scientist
355,Banque Nationale du Canada/National Bank of Canada,92000,88000,96000,91500.0,91500.0,10000.0,2000.0,Lead Data Scientist
356,Orbis Investments,147000,141000,153000,145500.0,145500.0,5000.0,,Lead Data Scientist
357,2nd Address,120000,114000,126000,119500.0,119500.0,,,Lead Data Scientist
358,IBM,5000,5000,5000,,,,,Data Scientist Intern
359,Capital One,49920,47840,52000,,,,,Data Scientist Intern
360,Elsevier,109500,106000,113000,,,,,Data Scientist
361,Loblaw Digital,145500,140000,151000,145000.0,145000.0,,20000.0,Lead Data Scientist
362,Intact,60320,58240,62400,,,,,Data Scientist Intern
363,Loblaw Companies,70000,67000,73000,70500.0,70500.0,,,Data Scientist
364,Canadian Tire,69000,66000,72000,68000.0,68000.0,2000.0,2000.0,Data Scientist
365,Cirque du Soleil Entertainment Group,100000,95000,105000,100500.0,100500.0,,,Lead Data Scientist
366,1000ml,3000,3000,3000,,,,,Data Scientist
367,Avanade,130000,125000,135000,130000.0,130000.0,5000.0,,Lead Data Scientist
368,dunnhumby,65500,63000,68000,66000.0,66000.0,6500.0,,Data Scientist
369,Scotiabank,62400,60320,64480,,,,,Data Scientist Intern
370,Scotiabank,83200,79040,87360,,,,,Data Scientist Intern
371,CIBC,47000,45000,49000,,,,,Data Scientist Intern
372,CIBC,58240,56160,60320,,,,,Data Scientist Intern
373,IBM,52000,49920,54080,,,,,Data Scientist Intern
374,KPMG,49000,47000,51000,,,,,Data Scientist Intern
375,Shopify,70500,68000,73000,71000.0,71000.0,495.0,,Data Scientist Intern
376,Ontario Ministère des Transports,36000,35000,37000,36000.0,36000.0,,,Data Scientist Intern
377,Statistics Canada,43680,43680,45760,,,,,Data Scientist Intern
378,Unilever,45760,43680,47840,45760.0,45760.0,,,Data Scientist Intern
379,BioWare,48000,46000,50000,,,,,Data Scientist Intern
380,FGF Brands,43680,41600,45760,,,,,Data Scientist Intern
381,Precima,66560,64480,68640,,,,,Data Scientist Intern
382,Ayogo Health,4000,4000,4000,,,,,Data Scientist Intern
383,Samplits,919,888,950,,,,,Data Scientist Intern
384,Buyavette,45760,43680,47840,45760.0,45760.0,2000.0,,Data Scientist Intern
385,IATA,178000,173000,183000,179000.0,179000.0,,,Lead Data Scientist
386,IBM,54080,52000,58240,,,,,Data Scientist Intern
387,RBC,54000,52000,56000,26.0,26.0,,,Data Scientist Intern
388,RBC,52000,52000,54080,,,,,Data Scientist Intern
389,RBC,54500,52000,57000,,,,,Data Scientist Intern
390,Scotiabank,82000,79000,85000,,,,,Data Scientist Intern
391,CIBC,48000,46000,50000,48000.0,48000.0,,,Data Scientist Intern
392,University of Victoria,39500,38000,41000,39500.0,39500.0,,,Data Scientist Intern
393,Fraser Health,43680,41600,45760,43680.0,43680.0,,,Data Scientist Intern
394,Athabasca University,101000,97000,105000,99000.0,99000.0,9000.0,,Lead Data Scientist
395,Athabasca University,100500,96000,105000,99500.0,99500.0,9000.0,,Lead Data Scientist
396,Major cannabis company,94500,91000,98000,,,,,Lead Data Scientist
397,goeasy,134500,129000,140000,135500.0,135500.0,15500.0,,Lead Data Scientist
398,EMAGIN Clean Technologies,104000,99840,108160,104000.0,104000.0,,,Lead Data Scientist
399,Capital One,88000,85000,91000,87000.0,87000.0,10500.0,,Senior Data Scientist
400,Softchoice,47000,45000,49000,,,,,Data Scientist Intern
